family,name,stop,is_n,is_wr,val_n,val_wr
calendar,hour_min200,0.5xATRM15,129967,33.43,68106,32.65
calendar,hour_min1000,0.5xATRM15,129953,33.44,68102,32.66
calendar,hour_min200,1xATRM15,31476,42.59,16617,41.59
calendar,hour_min1000,1xATRM15,31476,42.59,16617,41.59
calendar,hour_min200,2xATRM15,6719,47.28,3651,45.44
calendar,hour_min1000,2xATRM15,6719,47.28,3651,45.44
calendar,hour_min200,3xATRM15,2704,49.78,1497,49.3
calendar,hour_min1000,3xATRM15,2704,49.82,1511,49.44
calendar,hour_min200,0.5xATRH1,36019,42.95,18953,41.78
calendar,hour_min1000,0.5xATRH1,36010,42.97,18961,41.77
calendar,hour_min200,1xATRH1,9135,46.31,4860,45.7
calendar,hour_min1000,1xATRH1,9145,46.23,4866,45.64
calendar,hour_min200,2xATRH1,2126,49.39,1220,49.92
calendar,hour_min1000,2xATRH1,2130,49.34,1221,49.96
calendar,hour_min200,3xATRH1,977,48.21,548,53.47
calendar,hour_min1000,3xATRH1,977,48.21,548,53.47
calendar,hour_min200,0.5xATRD1,1693,50.97,835,50.06
calendar,hour_min1000,0.5xATRD1,1693,50.97,835,50.06
calendar,hour_min200,1xATRD1,442,50.45,217,53.92
calendar,hour_min1000,1xATRD1,442,50.68,217,53.46
calendar,hour_min200,2xATRD1,101,51.49,61,60.66
calendar,hour_min1000,2xATRD1,101,51.49,61,60.66
calendar,hour_min200,3xATRD1,50,54.0,26,65.38
calendar,hour_min1000,3xATRD1,50,54.0,26,65.38
calendar,hour_min200,fix1,160338,35.75,95697,34.97
calendar,hour_min1000,fix1,160338,35.75,95697,34.97
calendar,hour_min200,fix2,47566,43.17,29246,42.34
calendar,hour_min1000,fix2,47566,43.17,29246,42.34
calendar,hour_min200,fix3,22302,45.55,13794,44.57
calendar,hour_min1000,fix3,22301,45.57,13795,44.57
calendar,hour_min200,fix5,8390,47.32,5234,46.56
calendar,hour_min1000,fix5,8394,47.37,5236,46.58
calendar,hour_min200,fix10,2293,50.76,1356,49.48
calendar,hour_min1000,fix10,2293,50.76,1356,49.48
calendar,dow_min200,0.5xATRM15,129964,33.29,68399,32.51
calendar,dow_min1000,0.5xATRM15,129964,33.29,68399,32.51
calendar,dow_min200,1xATRM15,31269,42.13,16779,41.78
calendar,dow_min1000,1xATRM15,31269,42.13,16779,41.78
calendar,dow_min200,2xATRM15,6757,46.26,3625,46.26
calendar,dow_min1000,2xATRM15,6757,46.26,3625,46.26
calendar,dow_min200,3xATRM15,2768,48.41,1451,47.69
calendar,dow_min1000,3xATRM15,2768,48.41,1451,47.69
calendar,dow_min200,0.5xATRH1,36044,42.45,18919,42.64
calendar,dow_min1000,0.5xATRH1,36044,42.45,18919,42.64
calendar,dow_min200,1xATRH1,9133,46.63,4851,46.34
calendar,dow_min1000,1xATRH1,9133,46.63,4851,46.34
calendar,dow_min200,2xATRH1,2264,49.03,1213,46.5
calendar,dow_min1000,2xATRH1,2264,49.03,1213,46.5
calendar,dow_min200,3xATRH1,954,49.16,512,49.02
calendar,dow_min1000,3xATRH1,954,49.16,512,49.02
calendar,dow_min200,0.5xATRD1,1711,51.72,881,49.26
calendar,dow_min1000,0.5xATRD1,1711,51.72,881,49.26
calendar,dow_min200,1xATRD1,448,52.68,224,50.0
calendar,dow_min1000,1xATRD1,448,52.68,224,50.0
calendar,dow_min200,2xATRD1,109,53.21,61,59.02
calendar,dow_min1000,2xATRD1,109,53.21,61,59.02
calendar,dow_min200,3xATRD1,50,54.0,26,69.23
calendar,dow_min1000,3xATRD1,50,54.0,26,69.23
calendar,dow_min200,fix1,160581,35.5,95864,34.7
calendar,dow_min1000,fix1,160581,35.5,95864,34.7
calendar,dow_min200,fix2,47676,42.71,29371,42.39
calendar,dow_min1000,fix2,47676,42.71,29371,42.39
calendar,dow_min200,fix3,22316,45.13,13781,43.89
calendar,dow_min1000,fix3,22316,45.13,13781,43.89
calendar,dow_min200,fix5,8423,47.5,5194,47.67
calendar,dow_min1000,fix5,8423,47.5,5194,47.67
calendar,dow_min200,fix10,2213,49.39,1340,49.25
calendar,dow_min1000,fix10,2213,49.39,1340,49.25
calendar,month_min200,0.5xATRM15,129919,33.56,68188,32.94
calendar,month_min1000,0.5xATRM15,129919,33.56,68188,32.94
calendar,month_min200,1xATRM15,31286,42.72,16669,42.22
calendar,month_min1000,1xATRM15,31286,42.72,16669,42.22
calendar,month_min200,2xATRM15,6666,47.28,3618,46.1
calendar,month_min1000,2xATRM15,6666,47.28,3618,46.1
calendar,month_min200,3xATRM15,2727,49.87,1495,49.03
calendar,month_min1000,3xATRM15,2727,49.87,1495,49.03
calendar,month_min200,0.5xATRH1,36069,42.94,18912,42.28
calendar,month_min1000,0.5xATRH1,36069,42.94,18912,42.28
calendar,month_min200,1xATRH1,9163,47.06,4883,46.0
calendar,month_min1000,1xATRH1,9163,47.06,4883,46.0
calendar,month_min200,2xATRH1,2202,49.91,1253,49.56
calendar,month_min1000,2xATRH1,2202,49.91,1253,49.56
calendar,month_min200,3xATRH1,978,51.74,546,53.66
calendar,month_min1000,3xATRH1,978,51.74,546,53.66
calendar,month_min200,0.5xATRD1,1698,50.82,854,51.76
calendar,month_min1000,0.5xATRD1,1698,50.82,854,51.76
calendar,month_min200,1xATRD1,419,52.03,233,45.49
calendar,month_min1000,1xATRD1,419,52.03,233,45.49
calendar,month_min200,2xATRD1,109,58.72,62,58.06
calendar,month_min1000,2xATRD1,109,58.72,62,58.06
calendar,month_min200,3xATRD1,48,66.67,25,68.0
calendar,month_min1000,3xATRD1,48,66.67,25,68.0
calendar,month_min200,fix1,160565,35.57,95760,34.82
calendar,month_min1000,fix1,160565,35.57,95760,34.82
calendar,month_min200,fix2,47770,42.86,29288,42.18
calendar,month_min1000,fix2,47770,42.86,29288,42.18
calendar,month_min200,fix3,22322,45.77,13784,44.8
calendar,month_min1000,fix3,22322,45.77,13784,44.8
calendar,month_min200,fix5,8474,47.85,5211,46.42
calendar,month_min1000,fix5,8474,47.85,5211,46.42
calendar,month_min200,fix10,2218,50.9,1364,50.29
calendar,month_min1000,fix10,2218,50.9,1364,50.29
calendar,hourXdow_min200,0.5xATRM15,129947,33.69,68061,33.07
calendar,hourXdow_min1000,0.5xATRM15,129947,33.69,68061,33.07
calendar,hourXdow_min200,1xATRM15,31279,43.28,16623,42.19
calendar,hourXdow_min1000,1xATRM15,31279,43.28,16623,42.19
calendar,hourXdow_min200,2xATRM15,6820,47.42,3690,45.56
calendar,hourXdow_min1000,2xATRM15,6820,47.42,3690,45.56
calendar,hourXdow_min200,3xATRM15,2709,48.58,1516,49.6
calendar,hourXdow_min1000,3xATRM15,2709,48.58,1516,49.6
calendar,hourXdow_min200,0.5xATRH1,36112,43.51,18985,42.37
calendar,hourXdow_min1000,0.5xATRH1,36112,43.51,18985,42.37
calendar,hourXdow_min200,1xATRH1,9229,48.46,4878,47.05
calendar,hourXdow_min1000,1xATRH1,9229,48.46,4878,47.05
calendar,hourXdow_min200,2xATRH1,2206,49.27,1194,50.59
calendar,hourXdow_min1000,2xATRH1,2206,49.27,1194,50.59
calendar,hourXdow_min200,3xATRH1,941,47.29,539,53.43
calendar,hourXdow_min1000,3xATRH1,941,47.29,539,53.43
calendar,hourXdow_min200,0.5xATRD1,1702,52.76,848,50.59
calendar,hourXdow_min1000,0.5xATRD1,1702,52.76,848,50.59
calendar,hourXdow_min200,1xATRD1,436,50.69,219,51.14
calendar,hourXdow_min1000,1xATRD1,436,50.69,219,51.14
calendar,hourXdow_min200,2xATRD1,108,51.85,59,59.32
calendar,hourXdow_min1000,2xATRD1,108,51.85,59,59.32
calendar,hourXdow_min200,3xATRD1,49,55.1,29,62.07
calendar,hourXdow_min1000,3xATRD1,49,55.1,26,65.38
calendar,hourXdow_min200,fix1,160261,36.03,95632,35.32
calendar,hourXdow_min1000,fix1,160261,36.03,95632,35.32
calendar,hourXdow_min200,fix2,47460,43.39,29146,42.37
calendar,hourXdow_min1000,fix2,47460,43.39,29146,42.37
calendar,hourXdow_min200,fix3,22329,45.82,13742,44.93
calendar,hourXdow_min1000,fix3,22329,45.82,13742,44.93
calendar,hourXdow_min200,fix5,8426,48.88,5225,47.22
calendar,hourXdow_min1000,fix5,8426,48.88,5225,47.22
calendar,hourXdow_min200,fix10,2242,50.89,1352,52.14
calendar,hourXdow_min1000,fix10,2242,50.89,1352,52.14
calendar,min15_min200,0.5xATRM15,129542,33.81,68032,33.15
calendar,min15_min1000,0.5xATRM15,129542,33.81,68032,33.15
calendar,min15_min200,1xATRM15,31506,42.7,16490,42.24
calendar,min15_min1000,1xATRM15,31506,42.7,16490,42.24
calendar,min15_min200,2xATRM15,6745,48.11,3671,45.71
calendar,min15_min1000,2xATRM15,6745,48.11,3671,45.71
calendar,min15_min200,3xATRM15,2713,49.54,1519,49.37
calendar,min15_min1000,3xATRM15,2713,49.54,1519,49.37
calendar,min15_min200,0.5xATRH1,36090,43.21,18906,42.21
calendar,min15_min1000,0.5xATRH1,36090,43.21,18906,42.21
calendar,min15_min200,1xATRH1,9165,46.45,4847,45.31
calendar,min15_min1000,1xATRH1,9165,46.45,4847,45.31
calendar,min15_min200,2xATRH1,2139,48.9,1225,50.12
calendar,min15_min1000,2xATRH1,2139,48.9,1225,50.12
calendar,min15_min200,3xATRH1,947,47.62,536,55.6
calendar,min15_min1000,3xATRH1,947,47.62,536,55.6
calendar,min15_min200,0.5xATRD1,1707,50.21,843,48.4
calendar,min15_min1000,0.5xATRD1,1707,50.21,843,48.4
calendar,min15_min200,1xATRD1,444,51.8,222,53.6
calendar,min15_min1000,1xATRD1,444,51.8,222,53.6
calendar,min15_min200,2xATRD1,101,51.49,61,62.3
calendar,min15_min1000,2xATRD1,101,51.49,61,62.3
calendar,min15_min200,3xATRD1,50,54.0,26,65.38
calendar,min15_min1000,3xATRD1,50,54.0,26,65.38
calendar,min15_min200,fix1,160043,36.1,95729,35.21
calendar,min15_min1000,fix1,160043,36.1,95729,35.21
calendar,min15_min200,fix2,47505,43.31,29300,42.6
calendar,min15_min1000,fix2,47505,43.31,29300,42.6
calendar,min15_min200,fix3,22329,45.71,13778,44.78
calendar,min15_min1000,fix3,22329,45.71,13778,44.78
calendar,min15_min200,fix5,8444,48.18,5255,45.65
calendar,min15_min1000,fix5,8444,48.18,5255,45.65
calendar,min15_min200,fix10,2272,50.92,1359,49.6
calendar,min15_min1000,fix10,2272,50.92,1359,49.6
calendar,min15Xdow_min200,0.5xATRM15,129241,34.5,67931,33.41
calendar,min15Xdow_min200,1xATRM15,31408,43.86,16556,42.03
calendar,min15Xdow_min200,2xATRM15,6727,48.37,3684,45.36
calendar,min15Xdow_min200,3xATRM15,2699,50.06,1472,49.66
calendar,min15Xdow_min200,0.5xATRH1,36119,44.18,18956,41.73
calendar,min15Xdow_min200,1xATRH1,9220,48.03,4922,45.81
calendar,min15Xdow_min200,2xATRH1,2178,48.81,1228,48.86
calendar,min15Xdow_min200,3xATRH1,942,48.41,522,53.83
calendar,min15Xdow_min200,0.5xATRD1,1704,52.52,860,49.77
calendar,min15Xdow_min200,1xATRD1,429,52.68,226,52.21
calendar,min15Xdow_min200,2xATRD1,108,55.56,59,59.32
calendar,min15Xdow_min200,3xATRD1,49,57.14,29,62.07
calendar,min15Xdow_min200,fix1,159857,36.64,95403,35.42
calendar,min15Xdow_min200,fix2,47465,44.0,29214,42.8
calendar,min15Xdow_min200,fix3,22250,46.3,13805,45.14
calendar,min15Xdow_min200,fix5,8374,48.78,5254,46.82
calendar,min15Xdow_min200,fix10,2209,50.93,1340,52.31
calendar,sess_sign_min200,0.5xATRM15,129931,33.33,68379,32.57
calendar,sess_sign_min1000,0.5xATRM15,129931,33.33,68379,32.57
calendar,sess_sign_min200,1xATRM15,31221,42.12,16779,41.56
calendar,sess_sign_min1000,1xATRM15,31221,42.12,16779,41.56
calendar,sess_sign_min200,2xATRM15,6696,47.52,3601,46.38
calendar,sess_sign_min1000,2xATRM15,6696,47.52,3601,46.38
calendar,sess_sign_min200,3xATRM15,2717,49.1,1516,49.54
calendar,sess_sign_min1000,3xATRM15,2717,49.1,1516,49.54
calendar,sess_sign_min200,0.5xATRH1,36236,42.81,19000,41.99
calendar,sess_sign_min1000,0.5xATRH1,36236,42.81,19000,41.99
calendar,sess_sign_min200,1xATRH1,9136,46.55,4846,45.13
calendar,sess_sign_min1000,1xATRH1,9136,46.55,4846,45.13
calendar,sess_sign_min200,2xATRH1,2225,49.35,1213,51.94
calendar,sess_sign_min1000,2xATRH1,2225,49.35,1213,51.94
calendar,sess_sign_min200,3xATRH1,979,49.34,564,52.48
calendar,sess_sign_min1000,3xATRH1,979,49.34,564,52.48
calendar,sess_sign_min200,0.5xATRD1,1724,51.22,838,51.55
calendar,sess_sign_min1000,0.5xATRD1,1724,51.22,838,51.55
calendar,sess_sign_min200,1xATRD1,437,54.0,214,59.81
calendar,sess_sign_min1000,1xATRD1,437,54.0,214,59.81
calendar,sess_sign_min200,2xATRD1,101,48.51,67,58.21
calendar,sess_sign_min1000,2xATRD1,101,48.51,67,58.21
calendar,sess_sign_min200,3xATRD1,50,54.0,27,62.96
calendar,sess_sign_min1000,3xATRD1,50,54.0,27,62.96
calendar,sess_sign_min200,fix1,160573,35.56,95834,34.76
calendar,sess_sign_min1000,fix1,160573,35.56,95834,34.76
calendar,sess_sign_min200,fix2,47620,42.8,29187,42.11
calendar,sess_sign_min1000,fix2,47620,42.8,29187,42.11
calendar,sess_sign_min200,fix3,22281,45.65,13783,44.71
calendar,sess_sign_min1000,fix3,22281,45.65,13783,44.71
calendar,sess_sign_min200,fix5,8448,47.89,5272,46.85
calendar,sess_sign_min1000,fix5,8448,47.89,5272,46.85
calendar,sess_sign_min200,fix10,2234,51.43,1363,50.55
calendar,sess_sign_min1000,fix10,2234,51.43,1363,50.55
calendar,hourXsess_sign_min200,0.5xATRM15,129500,33.88,68250,32.99
calendar,hourXsess_sign_min1000,0.5xATRM15,129503,33.89,68254,32.97
calendar,hourXsess_sign_min200,1xATRM15,31381,42.9,16578,42.07
calendar,hourXsess_sign_min1000,1xATRM15,31376,42.94,16578,42.01
calendar,hourXsess_sign_min200,2xATRM15,6720,47.74,3750,46.29
calendar,hourXsess_sign_min1000,2xATRM15,6724,47.72,3750,46.24
calendar,hourXsess_sign_min200,3xATRM15,2660,49.02,1471,50.78
calendar,hourXsess_sign_min1000,3xATRM15,2660,49.06,1491,50.7
calendar,hourXsess_sign_min200,0.5xATRH1,35898,43.43,18968,41.93
calendar,hourXsess_sign_min1000,0.5xATRH1,35901,43.46,18969,41.91
calendar,hourXsess_sign_min200,1xATRH1,9220,47.38,4867,46.27
calendar,hourXsess_sign_min1000,1xATRH1,9231,47.34,4869,46.23
calendar,hourXsess_sign_min200,2xATRH1,2125,49.32,1228,50.08
calendar,hourXsess_sign_min1000,2xATRH1,2129,49.41,1228,50.08
calendar,hourXsess_sign_min200,3xATRH1,965,48.19,534,53.93
calendar,hourXsess_sign_min1000,3xATRH1,965,48.19,534,53.93
calendar,hourXsess_sign_min200,0.5xATRD1,1718,52.15,861,48.32
calendar,hourXsess_sign_min1000,0.5xATRD1,1718,52.15,861,48.32
calendar,hourXsess_sign_min200,1xATRD1,434,52.07,229,48.91
calendar,hourXsess_sign_min1000,1xATRD1,434,52.07,229,48.47
calendar,hourXsess_sign_min200,2xATRD1,101,46.53,67,59.7
calendar,hourXsess_sign_min1000,2xATRD1,101,46.53,67,59.7
calendar,hourXsess_sign_min200,3xATRD1,51,49.02,26,69.23
calendar,hourXsess_sign_min1000,3xATRD1,51,49.02,26,69.23
calendar,hourXsess_sign_min200,fix1,160555,35.9,95958,35.04
calendar,hourXsess_sign_min1000,fix1,160546,35.91,95950,35.03
calendar,hourXsess_sign_min200,fix2,47436,43.42,29265,42.14
calendar,hourXsess_sign_min1000,fix2,47425,43.44,29253,42.1
calendar,hourXsess_sign_min200,fix3,22278,45.88,13783,44.46
calendar,hourXsess_sign_min1000,fix3,22282,45.9,13770,44.5
calendar,hourXsess_sign_min200,fix5,8425,48.33,5168,46.61
calendar,hourXsess_sign_min1000,fix5,8432,48.41,5160,46.67
calendar,hourXsess_sign_min200,fix10,2242,51.74,1369,50.69
calendar,hourXsess_sign_min1000,fix10,2242,51.74,1371,50.84
calendar,vs_dopen_min200,0.5xATRM15,129964,33.29,68399,32.51
calendar,vs_dopen_min1000,0.5xATRM15,129964,33.29,68399,32.51
calendar,vs_dopen_min200,1xATRM15,31181,42.1,16790,41.38
calendar,vs_dopen_min1000,1xATRM15,31181,42.1,16790,41.38
calendar,vs_dopen_min200,2xATRM15,6705,46.82,3655,45.99
calendar,vs_dopen_min1000,2xATRM15,6705,46.82,3655,45.99
calendar,vs_dopen_min200,3xATRM15,2678,48.28,1484,46.63
calendar,vs_dopen_min1000,3xATRM15,2678,48.28,1484,46.63
calendar,vs_dopen_min200,0.5xATRH1,36116,42.51,19043,41.47
calendar,vs_dopen_min1000,0.5xATRH1,36116,42.51,19043,41.47
calendar,vs_dopen_min200,1xATRH1,9145,46.4,4881,45.83
calendar,vs_dopen_min1000,1xATRH1,9145,46.4,4881,45.83
calendar,vs_dopen_min200,2xATRH1,2168,47.92,1236,45.47
calendar,vs_dopen_min1000,2xATRH1,2168,47.92,1236,45.47
calendar,vs_dopen_min200,3xATRH1,984,48.58,552,53.26
calendar,vs_dopen_min1000,3xATRH1,984,48.58,552,53.26
calendar,vs_dopen_min200,0.5xATRD1,1704,48.36,844,45.62
calendar,vs_dopen_min1000,0.5xATRD1,1704,48.36,844,45.62
calendar,vs_dopen_min200,1xATRD1,437,48.97,208,43.27
calendar,vs_dopen_min1000,1xATRD1,437,48.97,208,43.27
calendar,vs_dopen_min200,2xATRD1,101,51.49,61,60.66
calendar,vs_dopen_min1000,2xATRD1,101,51.49,61,60.66
calendar,vs_dopen_min200,3xATRD1,50,54.0,26,69.23
calendar,vs_dopen_min1000,3xATRD1,50,54.0,26,69.23
calendar,vs_dopen_min200,fix1,160581,35.5,95864,34.7
calendar,vs_dopen_min1000,fix1,160581,35.5,95864,34.7
calendar,vs_dopen_min200,fix2,47749,42.6,29310,41.95
calendar,vs_dopen_min1000,fix2,47749,42.6,29310,41.95
calendar,vs_dopen_min200,fix3,22329,45.07,13862,44.08
calendar,vs_dopen_min1000,fix3,22329,45.07,13862,44.08
calendar,vs_dopen_min200,fix5,8488,47.54,5310,46.82
calendar,vs_dopen_min1000,fix5,8488,47.54,5310,46.82
calendar,vs_dopen_min200,fix10,2219,48.17,1357,46.43
calendar,vs_dopen_min1000,fix10,2219,48.17,1357,46.43
calendar,vs_wopen_min200,0.5xATRM15,129964,33.29,68399,32.51
calendar,vs_wopen_min1000,0.5xATRM15,129964,33.29,68399,32.51
calendar,vs_wopen_min200,1xATRM15,31181,42.1,16790,41.38
calendar,vs_wopen_min1000,1xATRM15,31181,42.1,16790,41.38
calendar,vs_wopen_min200,2xATRM15,6717,46.49,3671,44.48
calendar,vs_wopen_min1000,2xATRM15,6717,46.49,3671,44.48
calendar,vs_wopen_min200,3xATRM15,2708,47.49,1478,46.48
calendar,vs_wopen_min1000,3xATRM15,2708,47.49,1478,46.48
calendar,vs_wopen_min200,0.5xATRH1,36116,42.51,19043,41.47
calendar,vs_wopen_min1000,0.5xATRH1,36116,42.51,19043,41.47
calendar,vs_wopen_min200,1xATRH1,9187,46.47,4817,47.21
calendar,vs_wopen_min1000,1xATRH1,9187,46.47,4817,47.21
calendar,vs_wopen_min200,2xATRH1,2236,49.46,1230,46.42
calendar,vs_wopen_min1000,2xATRH1,2236,49.46,1230,46.42
calendar,vs_wopen_min200,3xATRH1,948,49.79,527,43.26
calendar,vs_wopen_min1000,3xATRH1,948,49.79,527,43.26
calendar,vs_wopen_min200,0.5xATRD1,1688,48.16,855,46.2
calendar,vs_wopen_min1000,0.5xATRD1,1688,48.16,855,46.2
calendar,vs_wopen_min200,1xATRD1,432,48.15,221,43.44
calendar,vs_wopen_min1000,1xATRD1,432,48.15,221,43.44
calendar,vs_wopen_min200,2xATRD1,110,52.73,67,56.72
calendar,vs_wopen_min1000,2xATRD1,110,52.73,67,56.72
calendar,vs_wopen_min200,3xATRD1,49,55.1,26,57.69
calendar,vs_wopen_min1000,3xATRD1,49,55.1,26,57.69
calendar,vs_wopen_min200,fix1,160581,35.5,95864,34.7
calendar,vs_wopen_min1000,fix1,160581,35.5,95864,34.7
calendar,vs_wopen_min200,fix2,47749,42.6,29310,41.95
calendar,vs_wopen_min1000,fix2,47749,42.6,29310,41.95
calendar,vs_wopen_min200,fix3,22329,45.07,13862,44.08
calendar,vs_wopen_min1000,fix3,22329,45.07,13862,44.08
calendar,vs_wopen_min200,fix5,8467,47.38,5245,46.2
calendar,vs_wopen_min1000,fix5,8467,47.38,5245,46.2
calendar,vs_wopen_min200,fix10,2219,48.45,1349,46.7
calendar,vs_wopen_min1000,fix10,2219,48.45,1349,46.7
calendar,vs_mopen_min200,0.5xATRM15,129964,33.29,68399,32.51
calendar,vs_mopen_min1000,0.5xATRM15,129964,33.29,68399,32.51
calendar,vs_mopen_min200,1xATRM15,31181,42.1,16790,41.38
calendar,vs_mopen_min1000,1xATRM15,31181,42.1,16790,41.38
calendar,vs_mopen_min200,2xATRM15,6732,47.47,3610,46.62
calendar,vs_mopen_min1000,2xATRM15,6732,47.47,3610,46.62
calendar,vs_mopen_min200,3xATRM15,2664,49.7,1459,48.66
calendar,vs_mopen_min1000,3xATRM15,2664,49.7,1459,48.66
calendar,vs_mopen_min200,0.5xATRH1,36130,42.97,19017,42.88
calendar,vs_mopen_min1000,0.5xATRH1,36130,42.97,19017,42.88
calendar,vs_mopen_min200,1xATRH1,9095,47.14,4815,47.23
calendar,vs_mopen_min1000,1xATRH1,9095,47.14,4815,47.23
calendar,vs_mopen_min200,2xATRH1,2258,49.56,1182,49.75
calendar,vs_mopen_min1000,2xATRH1,2258,49.56,1182,49.75
calendar,vs_mopen_min200,3xATRH1,985,50.36,521,50.48
calendar,vs_mopen_min1000,3xATRH1,985,50.36,521,50.48
calendar,vs_mopen_min200,0.5xATRD1,1694,50.35,868,50.58
calendar,vs_mopen_min1000,0.5xATRD1,1694,50.35,868,50.58
calendar,vs_mopen_min200,1xATRD1,434,51.61,233,51.93
calendar,vs_mopen_min1000,1xATRD1,434,51.61,233,51.93
calendar,vs_mopen_min200,2xATRD1,116,54.31,69,53.62
calendar,vs_mopen_min1000,2xATRD1,116,54.31,69,53.62
calendar,vs_mopen_min200,3xATRD1,49,57.14,25,68.0
calendar,vs_mopen_min1000,3xATRD1,49,57.14,25,68.0
calendar,vs_mopen_min200,fix1,160581,35.5,95864,34.7
calendar,vs_mopen_min1000,fix1,160581,35.5,95864,34.7
calendar,vs_mopen_min200,fix2,47713,42.98,29113,42.74
calendar,vs_mopen_min1000,fix2,47713,42.98,29113,42.74
calendar,vs_mopen_min200,fix3,22444,45.75,13859,45.27
calendar,vs_mopen_min1000,fix3,22444,45.75,13859,45.27
calendar,vs_mopen_min200,fix5,8418,47.7,5170,47.41
calendar,vs_mopen_min1000,fix5,8418,47.7,5170,47.41
calendar,vs_mopen_min200,fix10,2220,49.41,1386,49.21
calendar,vs_mopen_min1000,fix10,2220,49.41,1386,49.21
calendar,vs_dwm_min200,0.5xATRM15,130242,33.23,68346,33.08
calendar,vs_dwm_min1000,0.5xATRM15,130242,33.23,68346,33.08
calendar,vs_dwm_min200,1xATRM15,31197,42.55,16681,42.06
calendar,vs_dwm_min1000,1xATRM15,31197,42.55,16681,42.06
calendar,vs_dwm_min200,2xATRM15,6701,46.71,3623,45.38
calendar,vs_dwm_min1000,2xATRM15,6701,46.71,3623,45.38
calendar,vs_dwm_min200,3xATRM15,2664,49.7,1459,48.66
calendar,vs_dwm_min1000,3xATRM15,2664,49.7,1459,48.66
calendar,vs_dwm_min200,0.5xATRH1,36090,42.74,18905,42.51
calendar,vs_dwm_min1000,0.5xATRH1,36090,42.74,18905,42.51
calendar,vs_dwm_min200,1xATRH1,9092,46.9,4837,46.58
calendar,vs_dwm_min1000,1xATRH1,9092,46.9,4837,46.58
calendar,vs_dwm_min200,2xATRH1,2235,50.43,1184,50.0
calendar,vs_dwm_min1000,2xATRH1,2235,50.43,1184,50.0
calendar,vs_dwm_min200,3xATRH1,974,50.62,526,50.57
calendar,vs_dwm_min1000,3xATRH1,974,50.62,526,50.57
calendar,vs_dwm_min200,0.5xATRD1,1669,49.19,847,48.05
calendar,vs_dwm_min1000,0.5xATRD1,1669,49.19,847,48.05
calendar,vs_dwm_min200,1xATRD1,443,51.02,220,54.09
calendar,vs_dwm_min1000,1xATRD1,443,51.02,220,54.09
calendar,vs_dwm_min200,2xATRD1,116,54.31,69,53.62
calendar,vs_dwm_min1000,2xATRD1,116,54.31,69,53.62
calendar,vs_dwm_min200,3xATRD1,49,57.14,25,68.0
calendar,vs_dwm_min1000,3xATRD1,49,57.14,25,68.0
calendar,vs_dwm_min200,fix1,160682,35.69,95899,35.2
calendar,vs_dwm_min1000,fix1,160682,35.69,95899,35.2
calendar,vs_dwm_min200,fix2,47811,42.97,29196,42.79
calendar,vs_dwm_min1000,fix2,47811,42.97,29196,42.79
calendar,vs_dwm_min200,fix3,22465,45.72,13872,45.36
calendar,vs_dwm_min1000,fix3,22465,45.72,13872,45.36
calendar,vs_dwm_min200,fix5,8430,47.95,5202,47.5
calendar,vs_dwm_min1000,fix5,8430,47.95,5202,47.5
calendar,vs_dwm_min200,fix10,2213,49.21,1383,47.43
calendar,vs_dwm_min1000,fix10,2213,49.21,1383,47.43
calendar,hourXvs_dwm_min200,0.5xATRM15,129685,33.98,68114,32.89
calendar,hourXvs_dwm_min1000,0.5xATRM15,129812,33.69,68252,32.68
calendar,hourXvs_dwm_min200,1xATRM15,31385,43.48,16601,42.04
calendar,hourXvs_dwm_min1000,1xATRM15,31381,42.92,16701,41.48
calendar,hourXvs_dwm_min200,2xATRM15,6716,48.6,3668,47.19
calendar,hourXvs_dwm_min1000,2xATRM15,6674,48.04,3688,46.07
calendar,hourXvs_dwm_min200,3xATRM15,2665,49.87,1493,50.03
calendar,hourXvs_dwm_min1000,3xATRM15,2717,49.17,1519,48.32
calendar,hourXvs_dwm_min200,0.5xATRH1,36119,43.8,18943,42.28
calendar,hourXvs_dwm_min1000,0.5xATRH1,36087,43.38,19010,41.75
calendar,hourXvs_dwm_min200,1xATRH1,9099,48.12,4871,47.34
calendar,hourXvs_dwm_min1000,1xATRH1,9095,47.34,4850,46.31
calendar,hourXvs_dwm_min200,2xATRH1,2250,51.29,1200,49.75
calendar,hourXvs_dwm_min1000,2xATRH1,2220,50.09,1212,48.43
calendar,hourXvs_dwm_min200,3xATRH1,954,50.94,523,51.63
calendar,hourXvs_dwm_min1000,3xATRH1,955,49.32,548,50.55
calendar,hourXvs_dwm_min200,0.5xATRD1,1729,51.47,829,49.46
calendar,hourXvs_dwm_min1000,0.5xATRD1,1702,50.12,846,46.1
calendar,hourXvs_dwm_min200,1xATRD1,439,51.25,229,49.78
calendar,hourXvs_dwm_min1000,1xATRD1,442,52.26,227,49.78
calendar,hourXvs_dwm_min200,2xATRD1,116,54.31,69,53.62
calendar,hourXvs_dwm_min1000,2xATRD1,112,57.14,69,56.52
calendar,hourXvs_dwm_min200,3xATRD1,49,57.14,25,68.0
calendar,hourXvs_dwm_min1000,3xATRD1,49,57.14,26,61.54
calendar,hourXvs_dwm_min200,fix1,160266,36.31,95551,35.25
calendar,hourXvs_dwm_min1000,fix1,160435,36.05,95652,35.15
calendar,hourXvs_dwm_min200,fix2,47502,43.76,29139,42.4
calendar,hourXvs_dwm_min1000,fix2,47533,43.42,29111,42.15
calendar,hourXvs_dwm_min200,fix3,22305,46.48,13800,44.87
calendar,hourXvs_dwm_min1000,fix3,22431,46.1,13781,44.4
calendar,hourXvs_dwm_min200,fix5,8468,49.1,5252,46.59
calendar,hourXvs_dwm_min1000,fix5,8455,48.47,5227,45.65
calendar,hourXvs_dwm_min200,fix10,2205,50.25,1351,49.15
calendar,hourXvs_dwm_min1000,fix10,2212,49.01,1351,48.93
calendar,hourXdpos3_min200,0.5xATRM15,129841,33.84,68096,32.88
calendar,hourXdpos3_min1000,0.5xATRM15,129852,33.79,68109,32.83
calendar,hourXdpos3_min200,1xATRM15,31431,43.08,16610,42.17
calendar,hourXdpos3_min1000,1xATRM15,31448,43.03,16632,42.2
calendar,hourXdpos3_min200,2xATRM15,6619,48.53,3665,46.3
calendar,hourXdpos3_min1000,2xATRM15,6687,48.29,3663,45.89
calendar,hourXdpos3_min200,3xATRM15,2678,48.73,1527,49.51
calendar,hourXdpos3_min1000,3xATRM15,2697,48.31,1522,49.28
calendar,hourXdpos3_min200,0.5xATRH1,36169,43.17,18870,42.34
calendar,hourXdpos3_min1000,0.5xATRH1,36130,43.08,18886,42.28
calendar,hourXdpos3_min200,1xATRH1,9219,46.77,4873,46.36
calendar,hourXdpos3_min1000,1xATRH1,9248,46.62,4874,46.22
calendar,hourXdpos3_min200,2xATRH1,2137,48.43,1241,51.01
calendar,hourXdpos3_min1000,2xATRH1,2128,48.26,1250,50.72
calendar,hourXdpos3_min200,3xATRH1,957,51.31,553,50.27
calendar,hourXdpos3_min1000,3xATRH1,957,51.31,554,49.64
calendar,hourXdpos3_min200,0.5xATRD1,1734,51.33,835,48.86
calendar,hourXdpos3_min1000,0.5xATRD1,1708,50.41,845,47.81
calendar,hourXdpos3_min200,1xATRD1,437,52.4,208,43.27
calendar,hourXdpos3_min1000,1xATRD1,433,50.58,212,44.81
calendar,hourXdpos3_min200,2xATRD1,112,54.46,63,58.73
calendar,hourXdpos3_min1000,2xATRD1,107,50.47,63,57.14
calendar,hourXdpos3_min200,3xATRD1,50,52.0,26,61.54
calendar,hourXdpos3_min1000,3xATRD1,50,56.0,26,61.54
calendar,hourXdpos3_min200,fix1,160202,36.05,95661,35.23
calendar,hourXdpos3_min1000,fix1,160235,35.98,95629,35.18
calendar,hourXdpos3_min200,fix2,47558,43.53,29096,42.64
calendar,hourXdpos3_min1000,fix2,47543,43.44,29107,42.54
calendar,hourXdpos3_min200,fix3,22319,45.97,13811,44.8
calendar,hourXdpos3_min1000,fix3,22334,45.87,13824,44.57
calendar,hourXdpos3_min200,fix5,8414,48.28,5265,46.55
calendar,hourXdpos3_min1000,fix5,8434,48.3,5261,46.59
calendar,hourXdpos3_min200,fix10,2216,50.32,1359,49.89
calendar,hourXdpos3_min1000,fix10,2216,50.32,1359,49.89
calendar,prevday_min200,0.5xATRM15,129964,33.29,68399,32.51
calendar,prevday_min1000,0.5xATRM15,129964,33.29,68399,32.51
calendar,prevday_min200,1xATRM15,31181,42.1,16790,41.38
calendar,prevday_min1000,1xATRM15,31181,42.1,16790,41.38
calendar,prevday_min200,2xATRM15,6717,46.49,3671,44.48
calendar,prevday_min1000,2xATRM15,6717,46.49,3671,44.48
calendar,prevday_min200,3xATRM15,2736,47.99,1436,46.66
calendar,prevday_min1000,3xATRM15,2736,47.99,1436,46.66
calendar,prevday_min200,0.5xATRH1,36116,42.51,19043,41.47
calendar,prevday_min1000,0.5xATRH1,36116,42.51,19043,41.47
calendar,prevday_min200,1xATRH1,9157,46.3,4869,46.33
calendar,prevday_min1000,1xATRH1,9157,46.3,4869,46.33
calendar,prevday_min200,2xATRH1,2244,48.35,1232,47.89
calendar,prevday_min1000,2xATRH1,2244,48.35,1232,47.89
calendar,prevday_min200,3xATRH1,965,49.84,556,46.94
calendar,prevday_min1000,3xATRH1,965,49.84,556,46.94
calendar,prevday_min200,0.5xATRD1,1739,50.26,883,48.58
calendar,prevday_min1000,0.5xATRD1,1739,50.26,883,48.58
calendar,prevday_min200,1xATRD1,430,50.0,228,50.0
calendar,prevday_min1000,1xATRD1,430,50.0,228,50.0
calendar,prevday_min200,2xATRD1,101,51.49,61,60.66
calendar,prevday_min1000,2xATRD1,101,51.49,61,60.66
calendar,prevday_min200,3xATRD1,50,54.0,26,69.23
calendar,prevday_min1000,3xATRD1,50,54.0,26,69.23
calendar,prevday_min200,fix1,160581,35.5,95864,34.7
calendar,prevday_min1000,fix1,160581,35.5,95864,34.7
calendar,prevday_min200,fix2,47749,42.6,29310,41.95
calendar,prevday_min1000,fix2,47749,42.6,29310,41.95
calendar,prevday_min200,fix3,22329,45.07,13862,44.08
calendar,prevday_min1000,fix3,22329,45.07,13862,44.08
calendar,prevday_min200,fix5,8372,46.99,5167,45.54
calendar,prevday_min1000,fix5,8372,46.99,5167,45.54
calendar,prevday_min200,fix10,2213,49.12,1347,50.85
calendar,prevday_min1000,fix10,2213,49.12,1347,50.85
calendar,prevweek_min200,0.5xATRM15,129964,33.29,68399,32.51
calendar,prevweek_min1000,0.5xATRM15,129964,33.29,68399,32.51
calendar,prevweek_min200,1xATRM15,31181,42.1,16790,41.38
calendar,prevweek_min1000,1xATRM15,31181,42.1,16790,41.38
calendar,prevweek_min200,2xATRM15,6674,47.53,3581,46.66
calendar,prevweek_min1000,2xATRM15,6674,47.53,3581,46.66
calendar,prevweek_min200,3xATRM15,2736,48.68,1490,48.46
calendar,prevweek_min1000,3xATRM15,2736,48.68,1490,48.46
calendar,prevweek_min200,0.5xATRH1,36116,42.51,19043,41.47
calendar,prevweek_min1000,0.5xATRH1,36116,42.51,19043,41.47
calendar,prevweek_min200,1xATRH1,9111,46.87,4828,46.79
calendar,prevweek_min1000,1xATRH1,9111,46.87,4828,46.79
calendar,prevweek_min200,2xATRH1,2266,49.78,1257,48.45
calendar,prevweek_min1000,2xATRH1,2266,49.78,1257,48.45
calendar,prevweek_min200,3xATRH1,969,49.95,528,48.48
calendar,prevweek_min1000,3xATRH1,969,49.95,528,48.48
calendar,prevweek_min200,0.5xATRD1,1692,49.59,879,49.26
calendar,prevweek_min1000,0.5xATRD1,1692,49.59,879,49.26
calendar,prevweek_min200,1xATRD1,427,49.65,230,44.78
calendar,prevweek_min1000,1xATRD1,427,49.65,230,44.78
calendar,prevweek_min200,2xATRD1,112,50.89,60,55.0
calendar,prevweek_min1000,2xATRD1,112,50.89,60,55.0
calendar,prevweek_min200,3xATRD1,50,54.0,26,69.23
calendar,prevweek_min1000,3xATRD1,50,54.0,26,69.23
calendar,prevweek_min200,fix1,160581,35.5,95864,34.7
calendar,prevweek_min1000,fix1,160581,35.5,95864,34.7
calendar,prevweek_min200,fix2,47749,42.6,29310,41.95
calendar,prevweek_min1000,fix2,47749,42.6,29310,41.95
calendar,prevweek_min200,fix3,22297,45.37,13877,45.18
calendar,prevweek_min1000,fix3,22297,45.37,13877,45.18
calendar,prevweek_min200,fix5,8366,47.38,5146,47.28
calendar,prevweek_min1000,fix5,8366,47.38,5146,47.28
calendar,prevweek_min200,fix10,2234,49.28,1372,48.62
calendar,prevweek_min1000,fix10,2234,49.28,1372,48.62
calendar,prevmonth_min200,0.5xATRM15,129964,33.29,68399,32.51
calendar,prevmonth_min1000,0.5xATRM15,129964,33.29,68399,32.51
calendar,prevmonth_min200,1xATRM15,31181,42.1,16790,41.38
calendar,prevmonth_min1000,1xATRM15,31181,42.1,16790,41.38
calendar,prevmonth_min200,2xATRM15,6717,46.49,3671,44.48
calendar,prevmonth_min1000,2xATRM15,6717,46.49,3671,44.48
calendar,prevmonth_min200,3xATRM15,2722,47.54,1504,44.55
calendar,prevmonth_min1000,3xATRM15,2722,47.54,1504,44.55
calendar,prevmonth_min200,0.5xATRH1,36116,42.51,19043,41.47
calendar,prevmonth_min1000,0.5xATRH1,36116,42.51,19043,41.47
calendar,prevmonth_min200,1xATRH1,9200,46.35,4834,47.15
calendar,prevmonth_min1000,1xATRH1,9200,46.35,4834,47.15
calendar,prevmonth_min200,2xATRH1,2168,47.92,1236,45.47
calendar,prevmonth_min1000,2xATRH1,2168,47.92,1236,45.47
calendar,prevmonth_min200,3xATRH1,971,48.51,526,51.14
calendar,prevmonth_min1000,3xATRH1,971,48.51,526,51.14
calendar,prevmonth_min200,0.5xATRD1,1704,48.36,844,45.62
calendar,prevmonth_min1000,0.5xATRD1,1704,48.36,844,45.62
calendar,prevmonth_min200,1xATRD1,434,48.16,217,54.38
calendar,prevmonth_min1000,1xATRD1,434,48.16,217,54.38
calendar,prevmonth_min200,2xATRD1,101,51.49,61,60.66
calendar,prevmonth_min1000,2xATRD1,101,51.49,61,60.66
calendar,prevmonth_min200,3xATRD1,50,54.0,26,69.23
calendar,prevmonth_min1000,3xATRD1,50,54.0,26,69.23
calendar,prevmonth_min200,fix1,160581,35.5,95864,34.7
calendar,prevmonth_min1000,fix1,160581,35.5,95864,34.7
calendar,prevmonth_min200,fix2,47749,42.6,29310,41.95
calendar,prevmonth_min1000,fix2,47749,42.6,29310,41.95
calendar,prevmonth_min200,fix3,22329,45.07,13862,44.08
calendar,prevmonth_min1000,fix3,22329,45.07,13862,44.08
calendar,prevmonth_min200,fix5,8372,46.99,5167,45.54
calendar,prevmonth_min1000,fix5,8372,46.99,5167,45.54
calendar,prevmonth_min200,fix10,2229,48.72,1364,49.78
calendar,prevmonth_min1000,fix10,2229,48.72,1364,49.78
calendar,prevDWM_min200,0.5xATRM15,130061,33.24,68455,32.63
calendar,prevDWM_min1000,0.5xATRM15,130061,33.24,68455,32.63
calendar,prevDWM_min200,1xATRM15,31406,42.32,16692,41.97
calendar,prevDWM_min1000,1xATRM15,31406,42.32,16692,41.97
calendar,prevDWM_min200,2xATRM15,6752,46.76,3593,45.0
calendar,prevDWM_min1000,2xATRM15,6752,46.76,3593,45.0
calendar,prevDWM_min200,3xATRM15,2732,48.35,1483,45.79
calendar,prevDWM_min1000,3xATRM15,2732,48.35,1483,45.79
calendar,prevDWM_min200,0.5xATRH1,36197,42.56,18913,42.37
calendar,prevDWM_min1000,0.5xATRH1,36197,42.56,18913,42.37
calendar,prevDWM_min200,1xATRH1,9158,46.65,4831,45.23
calendar,prevDWM_min1000,1xATRH1,9158,46.65,4831,45.23
calendar,prevDWM_min200,2xATRH1,2258,48.98,1260,46.35
calendar,prevDWM_min1000,2xATRH1,2258,48.98,1260,46.35
calendar,prevDWM_min200,3xATRH1,969,49.95,528,48.48
calendar,prevDWM_min1000,3xATRH1,969,49.95,528,48.48
calendar,prevDWM_min200,0.5xATRD1,1698,49.82,881,48.35
calendar,prevDWM_min1000,0.5xATRD1,1698,49.82,881,48.35
calendar,prevDWM_min200,1xATRD1,435,49.89,223,49.33
calendar,prevDWM_min1000,1xATRD1,435,49.89,223,49.33
calendar,prevDWM_min200,2xATRD1,110,54.55,63,52.38
calendar,prevDWM_min1000,2xATRD1,110,54.55,63,52.38
calendar,prevDWM_min200,3xATRD1,48,60.42,32,50.0
calendar,prevDWM_min1000,3xATRD1,48,60.42,32,50.0
calendar,prevDWM_min200,fix1,160469,35.47,95829,34.92
calendar,prevDWM_min1000,fix1,160469,35.47,95829,34.92
calendar,prevDWM_min200,fix2,47675,42.72,29264,42.5
calendar,prevDWM_min1000,fix2,47675,42.72,29264,42.5
calendar,prevDWM_min200,fix3,22351,45.34,13798,45.19
calendar,prevDWM_min1000,fix3,22351,45.34,13798,45.19
calendar,prevDWM_min200,fix5,8403,47.47,5180,46.7
calendar,prevDWM_min1000,fix5,8403,47.47,5180,46.7
calendar,prevDWM_min200,fix10,2231,49.44,1354,50.66
calendar,prevDWM_min1000,fix10,2231,49.44,1354,50.66
calendar,hourXprevday_min200,0.5xATRM15,129799,33.69,68127,32.92
calendar,hourXprevday_min1000,0.5xATRM15,129792,33.69,68124,32.92
calendar,hourXprevday_min200,1xATRM15,31313,42.91,16651,42.05
calendar,hourXprevday_min1000,1xATRM15,31322,42.9,16650,42.03
calendar,hourXprevday_min200,2xATRM15,6637,48.08,3649,44.2
calendar,hourXprevday_min1000,2xATRM15,6634,48.1,3649,44.23
calendar,hourXprevday_min200,3xATRM15,2721,50.79,1482,49.39
calendar,hourXprevday_min1000,3xATRM15,2721,50.79,1499,49.3
calendar,hourXprevday_min200,0.5xATRH1,36004,43.13,19033,41.91
calendar,hourXprevday_min1000,0.5xATRH1,35998,43.14,19034,41.9
calendar,hourXprevday_min200,1xATRH1,9165,47.07,4901,44.99
calendar,hourXprevday_min1000,1xATRH1,9168,47.04,4903,44.97
calendar,hourXprevday_min200,2xATRH1,2181,49.38,1230,48.86
calendar,hourXprevday_min1000,2xATRH1,2185,49.34,1231,48.9
calendar,hourXprevday_min200,3xATRH1,971,51.91,535,46.73
calendar,hourXprevday_min1000,3xATRH1,971,52.11,535,46.73
calendar,hourXprevday_min200,0.5xATRD1,1687,52.82,853,49.0
calendar,hourXprevday_min1000,0.5xATRD1,1687,52.82,857,49.01
calendar,hourXprevday_min200,1xATRD1,437,51.49,223,51.12
calendar,hourXprevday_min1000,1xATRD1,437,51.72,223,51.12
calendar,hourXprevday_min200,2xATRD1,107,48.6,65,56.92
calendar,hourXprevday_min1000,2xATRD1,107,48.6,65,56.92
calendar,hourXprevday_min200,3xATRD1,45,64.44,33,60.61
calendar,hourXprevday_min1000,3xATRD1,45,64.44,33,60.61
calendar,hourXprevday_min200,fix1,160413,35.8,95642,35.19
calendar,hourXprevday_min1000,fix1,160406,35.81,95641,35.18
calendar,hourXprevday_min200,fix2,47575,43.2,29246,42.24
calendar,hourXprevday_min1000,fix2,47574,43.2,29248,42.24
calendar,hourXprevday_min200,fix3,22338,45.57,13878,44.31
calendar,hourXprevday_min1000,fix3,22336,45.57,13880,44.34
calendar,hourXprevday_min200,fix5,8437,47.79,5231,46.21
calendar,hourXprevday_min1000,fix5,8439,47.77,5234,46.24
calendar,hourXprevday_min200,fix10,2197,50.48,1364,51.76
calendar,hourXprevday_min1000,fix10,2197,50.43,1366,51.9
calendar,hourXprevDWM_min200,0.5xATRM15,129762,34.01,67983,33.02
calendar,hourXprevDWM_min1000,0.5xATRM15,130085,33.72,68205,32.92
calendar,hourXprevDWM_min200,1xATRM15,31244,43.64,16751,42.36
calendar,hourXprevDWM_min1000,1xATRM15,31335,43.18,16817,41.85
calendar,hourXprevDWM_min200,2xATRM15,6682,49.55,3691,45.98
calendar,hourXprevDWM_min1000,2xATRM15,6704,48.99,3697,45.55
calendar,hourXprevDWM_min200,3xATRM15,2763,49.55,1507,46.58
calendar,hourXprevDWM_min1000,3xATRM15,2713,49.06,1532,45.43
calendar,hourXprevDWM_min200,0.5xATRH1,36097,44.03,18947,42.12
calendar,hourXprevDWM_min1000,0.5xATRH1,36004,43.55,18944,41.84
calendar,hourXprevDWM_min200,1xATRH1,9199,48.19,4891,45.63
calendar,hourXprevDWM_min1000,1xATRH1,9142,47.6,4893,45.08
calendar,hourXprevDWM_min200,2xATRH1,2267,51.87,1225,46.78
calendar,hourXprevDWM_min1000,2xATRH1,2245,51.05,1257,46.78
calendar,hourXprevDWM_min200,3xATRH1,966,50.21,539,46.38
calendar,hourXprevDWM_min1000,3xATRH1,991,51.16,541,47.87
calendar,hourXprevDWM_min200,0.5xATRD1,1722,53.25,858,46.04
calendar,hourXprevDWM_min1000,0.5xATRD1,1692,51.54,863,46.12
calendar,hourXprevDWM_min200,1xATRD1,429,50.12,222,48.2
calendar,hourXprevDWM_min1000,1xATRD1,431,51.51,220,50.0
calendar,hourXprevDWM_min200,2xATRD1,110,53.64,61,42.62
calendar,hourXprevDWM_min1000,2xATRD1,107,49.53,63,52.38
calendar,hourXprevDWM_min200,3xATRD1,48,60.42,32,46.88
calendar,hourXprevDWM_min200,fix1,160129,36.29,95616,35.06
calendar,hourXprevDWM_min1000,fix1,160245,36.02,95751,34.87
calendar,hourXprevDWM_min200,fix2,47619,43.84,29240,42.27
calendar,hourXprevDWM_min1000,fix2,47659,43.36,29256,41.89
calendar,hourXprevDWM_min200,fix3,22340,46.35,13839,44.74
calendar,hourXprevDWM_min1000,fix3,22300,45.68,13828,44.48
calendar,hourXprevDWM_min200,fix5,8453,49.3,5240,46.6
calendar,hourXprevDWM_min1000,fix5,8362,48.47,5181,46.21
calendar,hourXprevDWM_min200,fix10,2248,51.91,1358,51.1
calendar,hourXprevDWM_min1000,fix10,2230,51.79,1330,52.48
calendar,dowXprevday_min200,0.5xATRM15,129931,33.41,68299,32.46
calendar,dowXprevday_min1000,0.5xATRM15,129931,33.41,68299,32.46
calendar,dowXprevday_min200,1xATRM15,31217,42.33,16707,41.71
calendar,dowXprevday_min1000,1xATRM15,31221,42.33,16707,41.75
calendar,dowXprevday_min200,2xATRM15,6747,46.63,3677,45.85
calendar,dowXprevday_min1000,2xATRM15,6747,46.63,3677,45.85
calendar,dowXprevday_min200,3xATRM15,2705,50.17,1449,48.59
calendar,dowXprevday_min1000,3xATRM15,2700,50.04,1444,48.48
calendar,dowXprevday_min200,0.5xATRH1,35980,42.7,18878,41.92
calendar,dowXprevday_min1000,0.5xATRH1,35993,42.71,18862,41.96
calendar,dowXprevday_min200,1xATRH1,9101,47.12,4870,44.76
calendar,dowXprevday_min1000,1xATRH1,9101,47.12,4870,44.76
calendar,dowXprevday_min200,2xATRH1,2233,49.8,1230,48.7
calendar,dowXprevday_min1000,2xATRH1,2232,49.91,1235,48.42
calendar,dowXprevday_min200,3xATRH1,960,48.96,547,48.63
calendar,dowXprevday_min1000,3xATRH1,960,49.38,550,48.55
calendar,dowXprevday_min200,0.5xATRD1,1682,51.01,854,48.59
calendar,dowXprevday_min1000,0.5xATRD1,1687,51.39,849,48.53
calendar,dowXprevday_min200,1xATRD1,446,51.12,217,42.86
calendar,dowXprevday_min1000,1xATRD1,448,51.34,218,46.33
calendar,dowXprevday_min200,2xATRD1,110,52.73,63,53.97
calendar,dowXprevday_min1000,2xATRD1,110,52.73,63,53.97
calendar,dowXprevday_min200,3xATRD1,51,50.98,27,62.96
calendar,dowXprevday_min1000,3xATRD1,51,50.98,27,59.26
calendar,dowXprevday_min200,fix1,160292,35.68,95521,34.95
calendar,dowXprevday_min1000,fix1,160292,35.68,95521,34.95
calendar,dowXprevday_min200,fix2,47634,42.86,29285,42.21
calendar,dowXprevday_min1000,fix2,47635,42.88,29282,42.25
calendar,dowXprevday_min200,fix3,22324,45.24,13906,44.05
calendar,dowXprevday_min1000,fix3,22351,45.31,13892,44.06
calendar,dowXprevday_min200,fix5,8375,47.63,5209,45.46
calendar,dowXprevday_min1000,fix5,8370,47.84,5221,45.53
calendar,dowXprevday_min200,fix10,2253,49.89,1338,48.95
calendar,dowXprevday_min1000,fix10,2259,49.62,1341,48.55
calendar,monthXprevmonth_min200,0.5xATRM15,129589,33.76,68353,32.54
calendar,monthXprevmonth_min1000,0.5xATRM15,129589,33.76,68353,32.54
calendar,monthXprevmonth_min200,1xATRM15,31376,42.89,16712,41.62
calendar,monthXprevmonth_min1000,1xATRM15,31376,42.89,16712,41.62
calendar,monthXprevmonth_min200,2xATRM15,6730,47.95,3634,45.05
calendar,monthXprevmonth_min1000,2xATRM15,6730,47.95,3634,45.05
calendar,monthXprevmonth_min200,3xATRM15,2671,49.91,1479,46.86
calendar,monthXprevmonth_min1000,3xATRM15,2671,49.91,1479,46.86
calendar,monthXprevmonth_min200,0.5xATRH1,36064,43.12,18992,41.54
calendar,monthXprevmonth_min1000,0.5xATRH1,36064,43.12,18992,41.54
calendar,monthXprevmonth_min200,1xATRH1,9175,47.89,4867,46.11
calendar,monthXprevmonth_min1000,1xATRH1,9175,47.89,4867,46.11
calendar,monthXprevmonth_min200,2xATRH1,2236,51.03,1226,47.47
calendar,monthXprevmonth_min1000,2xATRH1,2236,51.03,1226,47.47
calendar,monthXprevmonth_min200,3xATRH1,960,52.6,566,46.29
calendar,monthXprevmonth_min1000,3xATRH1,960,52.6,566,46.29
calendar,monthXprevmonth_min200,0.5xATRD1,1688,51.95,865,47.4
calendar,monthXprevmonth_min1000,0.5xATRD1,1688,51.95,865,47.4
calendar,monthXprevmonth_min200,1xATRD1,414,55.56,220,48.18
calendar,monthXprevmonth_min1000,1xATRD1,414,55.56,220,48.18
calendar,monthXprevmonth_min200,2xATRD1,115,58.26,62,53.23
calendar,monthXprevmonth_min1000,2xATRD1,115,58.26,62,53.23
calendar,monthXprevmonth_min200,3xATRD1,48,62.5,27,51.85
calendar,monthXprevmonth_min1000,3xATRD1,48,62.5,27,51.85
calendar,monthXprevmonth_min200,fix1,160277,35.88,95786,34.7
calendar,monthXprevmonth_min1000,fix1,160277,35.88,95786,34.7
calendar,monthXprevmonth_min200,fix2,47714,43.22,29357,41.9
calendar,monthXprevmonth_min1000,fix2,47714,43.22,29357,41.9
calendar,monthXprevmonth_min200,fix3,22281,45.99,13846,44.1
calendar,monthXprevmonth_min1000,fix3,22281,45.99,13846,44.1
calendar,monthXprevmonth_min200,fix5,8431,48.77,5174,46.19
calendar,monthXprevmonth_min1000,fix5,8431,48.77,5174,46.19
calendar,monthXprevmonth_min200,fix10,2210,51.09,1340,48.43
calendar,monthXprevmonth_min1000,fix10,2210,51.09,1340,48.43
calendar,firsthour_min200,0.5xATRM15,129964,33.29,68399,32.51
calendar,firsthour_min1000,0.5xATRM15,129964,33.29,68399,32.51
calendar,firsthour_min200,1xATRM15,31181,42.1,16790,41.38
calendar,firsthour_min1000,1xATRM15,31181,42.1,16790,41.38
calendar,firsthour_min200,2xATRM15,6717,46.49,3671,44.48
calendar,firsthour_min1000,2xATRM15,6717,46.49,3671,44.48
calendar,firsthour_min200,3xATRM15,2770,47.62,1478,47.16
calendar,firsthour_min1000,3xATRM15,2770,47.62,1478,47.16
calendar,firsthour_min200,0.5xATRH1,36116,42.51,19043,41.47
calendar,firsthour_min1000,0.5xATRH1,36116,42.51,19043,41.47
calendar,firsthour_min200,1xATRH1,9157,45.94,4911,46.71
calendar,firsthour_min1000,1xATRH1,9157,45.94,4911,46.71
calendar,firsthour_min200,2xATRH1,2180,48.44,1243,47.87
calendar,firsthour_min1000,2xATRH1,2180,48.44,1243,47.87
calendar,firsthour_min200,3xATRH1,948,50.21,515,49.51
calendar,firsthour_min1000,3xATRH1,948,50.21,515,49.51
calendar,firsthour_min200,0.5xATRD1,1699,49.32,849,48.06
calendar,firsthour_min1000,0.5xATRD1,1699,49.32,849,48.06
calendar,firsthour_min200,1xATRD1,445,50.79,227,55.51
calendar,firsthour_min1000,1xATRD1,445,50.79,227,55.51
calendar,firsthour_min200,2xATRD1,101,51.49,61,60.66
calendar,firsthour_min1000,2xATRD1,101,51.49,61,60.66
calendar,firsthour_min200,3xATRD1,50,54.0,26,69.23
calendar,firsthour_min1000,3xATRD1,50,54.0,26,69.23
calendar,firsthour_min200,fix1,160581,35.5,95864,34.7
calendar,firsthour_min1000,fix1,160581,35.5,95864,34.7
calendar,firsthour_min200,fix2,47749,42.6,29310,41.95
calendar,firsthour_min1000,fix2,47749,42.6,29310,41.95
calendar,firsthour_min200,fix3,22412,45.32,13910,44.98
calendar,firsthour_min1000,fix3,22412,45.32,13910,44.98
calendar,firsthour_min200,fix5,8374,47.46,5187,46.66
calendar,firsthour_min1000,fix5,8374,47.46,5187,46.66
calendar,firsthour_min200,fix10,2194,48.63,1368,47.15
calendar,firsthour_min1000,fix10,2194,48.63,1368,47.15
calendar,hourXfirsthour_min200,0.5xATRM15,130092,33.56,68431,32.63
calendar,hourXfirsthour_min1000,0.5xATRM15,130081,33.56,68435,32.63
calendar,hourXfirsthour_min200,1xATRM15,31358,42.64,16612,42.0
calendar,hourXfirsthour_min1000,1xATRM15,31357,42.64,16607,41.99
calendar,hourXfirsthour_min200,2xATRM15,6770,47.62,3591,46.48
calendar,hourXfirsthour_min1000,2xATRM15,6770,47.62,3591,46.48
calendar,hourXfirsthour_min200,3xATRM15,2728,48.5,1513,48.58
calendar,hourXfirsthour_min1000,3xATRM15,2728,48.5,1530,48.76
calendar,hourXfirsthour_min200,0.5xATRH1,35976,43.04,18980,41.71
calendar,hourXfirsthour_min1000,0.5xATRH1,35979,43.04,18988,41.71
calendar,hourXfirsthour_min200,1xATRH1,9176,47.18,4893,46.78
calendar,hourXfirsthour_min1000,1xATRH1,9170,47.19,4892,46.77
calendar,hourXfirsthour_min200,2xATRH1,2126,48.82,1230,49.76
calendar,hourXfirsthour_min1000,2xATRH1,2126,48.82,1230,49.76
calendar,hourXfirsthour_min200,3xATRH1,953,47.95,544,52.76
calendar,hourXfirsthour_min1000,3xATRH1,953,47.95,544,52.76
calendar,hourXfirsthour_min200,0.5xATRD1,1675,50.09,851,48.41
calendar,hourXfirsthour_min1000,0.5xATRD1,1675,50.09,851,48.41
calendar,hourXfirsthour_min200,1xATRD1,450,50.0,222,50.45
calendar,hourXfirsthour_min1000,1xATRD1,450,50.0,222,50.45
calendar,hourXfirsthour_min200,2xATRD1,112,51.79,61,60.66
calendar,hourXfirsthour_min1000,2xATRD1,112,51.79,61,60.66
calendar,hourXfirsthour_min200,3xATRD1,49,57.14,27,48.15
calendar,hourXfirsthour_min1000,3xATRD1,49,57.14,27,48.15
calendar,hourXfirsthour_min200,fix1,160427,35.76,95768,35.01
calendar,hourXfirsthour_min1000,fix1,160427,35.76,95768,35.01
calendar,hourXfirsthour_min200,fix2,47609,43.04,29146,42.35
calendar,hourXfirsthour_min1000,fix2,47609,43.04,29146,42.35
calendar,hourXfirsthour_min200,fix3,22427,45.86,13921,45.16
calendar,hourXfirsthour_min1000,fix3,22425,45.86,13925,45.17
calendar,hourXfirsthour_min200,fix5,8412,48.43,5199,46.78
calendar,hourXfirsthour_min1000,fix5,8410,48.47,5200,46.83
calendar,hourXfirsthour_min200,fix10,2252,49.73,1364,49.05
calendar,hourXfirsthour_min1000,fix10,2252,49.69,1364,49.05
calendar,hourXlondonFH_min200,0.5xATRM15,129628,33.36,68248,32.74
calendar,hourXlondonFH_min1000,0.5xATRM15,129635,33.37,68243,32.74
calendar,hourXlondonFH_min200,1xATRM15,31620,42.31,16656,42.01
calendar,hourXlondonFH_min1000,1xATRM15,31620,42.31,16656,42.01
calendar,hourXlondonFH_min200,2xATRM15,6707,46.97,3671,45.03
calendar,hourXlondonFH_min1000,2xATRM15,6707,46.97,3671,45.03
calendar,hourXlondonFH_min200,3xATRM15,2716,47.68,1507,47.18
calendar,hourXlondonFH_min1000,3xATRM15,2716,47.68,1507,47.18
calendar,hourXlondonFH_min200,0.5xATRH1,36126,42.58,18930,41.82
calendar,hourXlondonFH_min1000,0.5xATRH1,36126,42.58,18930,41.82
calendar,hourXlondonFH_min200,1xATRH1,9164,46.36,4932,45.74
calendar,hourXlondonFH_min1000,1xATRH1,9167,46.36,4930,45.76
calendar,hourXlondonFH_min200,2xATRH1,2114,48.77,1218,48.77
calendar,hourXlondonFH_min1000,2xATRH1,2114,48.77,1218,48.77
calendar,hourXlondonFH_min200,3xATRH1,963,47.35,545,49.54
calendar,hourXlondonFH_min1000,3xATRH1,963,47.35,545,49.54
calendar,hourXlondonFH_min200,0.5xATRD1,1705,49.62,834,45.92
calendar,hourXlondonFH_min1000,0.5xATRD1,1705,49.62,834,45.92
calendar,hourXlondonFH_min200,1xATRD1,449,53.23,223,51.12
calendar,hourXlondonFH_min1000,1xATRD1,449,53.23,223,51.12
calendar,hourXlondonFH_min200,2xATRD1,106,51.89,63,55.56
calendar,hourXlondonFH_min1000,2xATRD1,106,51.89,63,55.56
calendar,hourXlondonFH_min200,3xATRD1,49,48.98,26,53.85
calendar,hourXlondonFH_min1000,3xATRD1,49,48.98,26,53.85
calendar,hourXlondonFH_min200,fix1,160324,35.62,95685,35.06
calendar,hourXlondonFH_min1000,fix1,160324,35.62,95685,35.06
calendar,hourXlondonFH_min200,fix2,47538,42.67,29162,42.35
calendar,hourXlondonFH_min1000,fix2,47538,42.67,29162,42.35
calendar,hourXlondonFH_min200,fix3,22321,45.09,13823,44.58
calendar,hourXlondonFH_min1000,fix3,22317,45.1,13823,44.57
calendar,hourXlondonFH_min200,fix5,8430,48.02,5188,48.07
calendar,hourXlondonFH_min1000,fix5,8428,48.04,5186,48.05
calendar,hourXlondonFH_min200,fix10,2250,47.87,1332,50.45
calendar,hourXlondonFH_min1000,fix10,2250,47.87,1332,50.45
calendar,us_window_min200,0.5xATRM15,129668,33.5,68184,32.5
calendar,us_window_min1000,0.5xATRM15,129654,33.51,68180,32.51
calendar,us_window_min200,1xATRM15,31413,42.65,16597,41.35
calendar,us_window_min1000,1xATRM15,31413,42.65,16597,41.35
calendar,us_window_min200,2xATRM15,6749,47.25,3673,45.0
calendar,us_window_min1000,2xATRM15,6749,47.25,3673,45.0
calendar,us_window_min200,3xATRM15,2700,49.52,1498,48.93
calendar,us_window_min1000,3xATRM15,2698,49.56,1512,49.07
calendar,us_window_min200,0.5xATRH1,36033,42.92,18970,41.51
calendar,us_window_min1000,0.5xATRH1,36024,42.94,18977,41.49
calendar,us_window_min200,1xATRH1,9140,46.15,4850,45.34
calendar,us_window_min1000,1xATRH1,9148,46.09,4856,45.28
calendar,us_window_min200,2xATRH1,2130,48.5,1217,49.47
calendar,us_window_min1000,2xATRH1,2134,48.45,1218,49.51
calendar,us_window_min200,3xATRH1,974,48.36,557,54.4
calendar,us_window_min1000,3xATRH1,974,48.36,557,54.4
calendar,us_window_min200,0.5xATRD1,1693,50.97,835,50.06
calendar,us_window_min1000,0.5xATRD1,1693,50.97,835,50.06
calendar,us_window_min200,1xATRD1,442,50.9,219,53.42
calendar,us_window_min1000,1xATRD1,442,51.13,219,52.97
calendar,us_window_min200,2xATRD1,101,51.49,61,60.66
calendar,us_window_min1000,2xATRD1,101,51.49,61,60.66
calendar,us_window_min200,3xATRD1,50,54.0,26,65.38
calendar,us_window_min1000,3xATRD1,50,54.0,26,65.38
calendar,us_window_min200,fix1,160371,35.76,95663,34.94
calendar,us_window_min1000,fix1,160371,35.76,95663,34.94
calendar,us_window_min200,fix2,47608,43.17,29246,42.19
calendar,us_window_min1000,fix2,47608,43.17,29246,42.19
calendar,us_window_min200,fix3,22283,45.62,13787,44.3
calendar,us_window_min1000,fix3,22283,45.64,13788,44.3
calendar,us_window_min200,fix5,8390,47.32,5234,46.56
calendar,us_window_min1000,fix5,8394,47.37,5236,46.58
calendar,us_window_min200,fix10,2255,50.51,1335,50.11
calendar,us_window_min1000,fix10,2255,50.51,1335,50.11
calendar,hourXdowXvs_dopen_min200,0.5xATRM15,129536,33.99,68052,32.95
calendar,hourXdowXvs_dopen_min1000,0.5xATRM15,129951,33.34,68362,32.56
calendar,hourXdowXvs_dopen_min200,1xATRM15,31354,43.54,16631,42.3
calendar,hourXdowXvs_dopen_min1000,1xATRM15,31170,42.26,16852,41.39
calendar,hourXdowXvs_dopen_min200,2xATRM15,6675,48.27,3671,46.12
calendar,hourXdowXvs_dopen_min1000,2xATRM15,6703,46.76,3673,44.38
calendar,hourXdowXvs_dopen_min200,3xATRM15,2728,50.66,1503,50.9
calendar,hourXdowXvs_dopen_min1000,3xATRM15,2703,47.84,1515,44.62
calendar,hourXdowXvs_dopen_min200,0.5xATRH1,35992,43.86,19005,42.17
calendar,hourXdowXvs_dopen_min1000,0.5xATRH1,36141,42.56,19021,41.54
calendar,hourXdowXvs_dopen_min200,1xATRH1,9173,48.46,4882,47.56
calendar,hourXdowXvs_dopen_min1000,1xATRH1,9116,46.46,4870,44.74
calendar,hourXdowXvs_dopen_min200,2xATRH1,2154,49.91,1202,50.08
calendar,hourXdowXvs_dopen_min1000,2xATRH1,2184,47.85,1238,45.4
calendar,hourXdowXvs_dopen_min200,3xATRH1,960,50.21,541,51.94
calendar,hourXdowXvs_dopen_min1000,3xATRH1,972,48.97,546,53.48
calendar,hourXdowXvs_dopen_min200,0.5xATRD1,1688,53.61,846,49.88
calendar,hourXdowXvs_dopen_min1000,0.5xATRD1,1691,48.14,846,45.27
calendar,hourXdowXvs_dopen_min200,1xATRD1,447,51.23,214,49.07
calendar,hourXdowXvs_dopen_min1000,1xATRD1,442,52.04,225,55.56
calendar,hourXdowXvs_dopen_min200,2xATRD1,104,68.27,64,64.06
calendar,hourXdowXvs_dopen_min200,3xATRD1,45,55.56,33,54.55
calendar,hourXdowXvs_dopen_min200,fix1,160325,36.09,95601,35.26
calendar,hourXdowXvs_dopen_min1000,fix1,160686,35.52,95871,34.78
calendar,hourXdowXvs_dopen_min200,fix2,47332,43.91,29229,42.65
calendar,hourXdowXvs_dopen_min1000,fix2,47747,42.67,29265,41.93
calendar,hourXdowXvs_dopen_min200,fix3,22373,46.65,13757,45.34
calendar,hourXdowXvs_dopen_min1000,fix3,22371,45.13,13848,44.13
calendar,hourXdowXvs_dopen_min200,fix5,8363,49.09,5299,47.95
calendar,hourXdowXvs_dopen_min1000,fix5,8374,47.31,5186,45.6
calendar,hourXdowXvs_dopen_min200,fix10,2247,50.6,1352,50.15
calendar,hourXdowXvs_dopen_min1000,fix10,2261,48.87,1349,50.11
