name,stop,IS_n,IS_wr,VAL_n,VAL_wr,HOLDOUT_n,HOLDOUT_wr,passes
H1_sign_N7_min200,1xATRD1,434,58.53,226,49.56,260,47.31,False
H1_sign_N7Xsess_sign_min200,1xATRD1,440,57.73,222,50.9,266,56.02,False
H1_tri0.1_N5_min200,1xATRD1,433,57.51,227,50.66,250,52.8,False
monthXprevmonth_min200,1xATRD1,414,55.56,220,48.18,258,51.16,False
H1_sign_N7Xdow_min200,1xATRD1,433,55.43,211,54.5,259,48.65,False
H1_tri0.3_N6_min200,1xATRD1,447,55.26,224,54.02,254,51.97,False
M15_sign_N8_min200,1xATRD1,436,55.05,224,45.98,249,51.0,False
H1_tri0.1_N5Xsess_sign_min200,1xATRD1,429,55.01,225,51.56,262,52.29,False
H1_tri0.1_N5XH1_tri0.1_N6_min200,1xATRD1,429,55.01,219,51.6,265,51.7,False
H1_sign_N8_min200,1xATRD1,426,54.23,221,50.68,244,48.36,False
