exp_id,utc_time,git_commit,git_dirty,phase,hypothesis,params,split,period,data_sha256,config_hash,seed,status,n_trades,net_profit,cum_return,max_dd,sharpe_daily_ann,profit_factor,expectancy_R,pct_profitable_days_active,pct_profitable_days_all,notes
E0001,2026-10-03T02:21:47+00:00,4cd0ff42b942b267a492453f71c4eff1a00f7496,True,pipeline-test-synthetic,H1_ny_orb,"{""range_min"": 10, ""stop_mode"": ""opposite"", ""rr"": 1.0}",dev+wf full-span,2021-01-01..2023-07-01,ec51201a195bb1403cb3fb54d24ae6f734ee94a29a6229a4982d9ef113ccf4c6,57806f86fb350e37,0,ok,651,-7102.10476244321,-0.7102104762443211,0.710210476244321,-7.562841669682531,0.3894612910142879,-0.3880859100893877,0.41321044546851,0.41321044546851,
E0002,2026-10-03T02:21:47+00:00,4cd0ff42b942b267a492453f71c4eff1a00f7496,True,pipeline-test-synthetic,H1_ny_orb,"{""range_min"": 10, ""stop_mode"": ""opposite"", ""rr"": 2.0}",dev+wf full-span,2021-01-01..2023-07-01,ec51201a195bb1403cb3fb54d24ae6f734ee94a29a6229a4982d9ef113ccf4c6,57806f86fb350e37,0,ok,651,-7592.152479718576,-0.7592152479718575,0.7592152479718576,-6.701920506221239,0.4378238489913998,-0.4471321254526322,0.25806451612903225,0.25806451612903225,
E0003,2026-10-03T02:21:47+00:00,4cd0ff42b942b267a492453f71c4eff1a00f7496,True,pipeline-test-synthetic,H1_ny_orb,"{""range_min"": 10, ""stop_mode"": ""opposite"", ""rr"": 0}",dev+wf full-span,2021-01-01..2023-07-01,ec51201a195bb1403cb3fb54d24ae6f734ee94a29a6229a4982d9ef113ccf4c6,57806f86fb350e37,0,ok,651,-8162.0521462338365,-0.8162052146233837,0.8162052146233837,-6.094735632631844,0.42557961435017566,-0.5327859756352186,0.16436251920122888,0.16436251920122888,
E0004,2026-10-03T02:21:47+00:00,4cd0ff42b942b267a492453f71c4eff1a00f7496,True,pipeline-test-synthetic,H1_ny_orb,"{""range_min"": 10, ""stop_mode"": ""mid"", ""rr"": 1.0}",dev+wf full-span,2021-01-01..2023-07-01,ec51201a195bb1403cb3fb54d24ae6f734ee94a29a6229a4982d9ef113ccf4c6,57806f86fb350e37,0,ok,651,-8752.507869298312,-0.875250786929831,0.8759478985030548,-14.859167255142035,0.1493754003470849,-0.6548819680088405,0.3118279569892473,0.3118279569892473,
E0005,2026-10-03T02:21:47+00:00,4cd0ff42b942b267a492453f71c4eff1a00f7496,True,pipeline-test-synthetic,H1_ny_orb,"{""range_min"": 10, ""stop_mode"": ""mid"", ""rr"": 2.0}",dev+wf full-span,2021-01-01..2023-07-01,ec51201a195bb1403cb3fb54d24ae6f734ee94a29a6229a4982d9ef113ccf4c6,57806f86fb350e37,0,ok,651,-9052.949056262345,-0.9052949056262345,0.9055513322278673,-14.36361836498693,0.18139523291524,-0.7462042775918802,0.17204301075268819,0.17204301075268819,
E0006,2026-10-03T02:21:47+00:00,4cd0ff42b942b267a492453f71c4eff1a00f7496,True,pipeline-test-synthetic,H1_ny_orb,"{""range_min"": 10, ""stop_mode"": ""mid"", ""rr"": 0}",dev+wf full-span,2021-01-01..2023-07-01,ec51201a195bb1403cb3fb54d24ae6f734ee94a29a6229a4982d9ef113ccf4c6,57806f86fb350e37,0,ok,651,-9305.495792119906,-0.9305495792119904,0.9305495792119906,-10.30516208595967,0.15490700871434732,-0.8515244399092906,0.055299539170506916,0.055299539170506916,
E0007,2026-10-03T02:21:47+00:00,4cd0ff42b942b267a492453f71c4eff1a00f7496,True,pipeline-test-synthetic,H1_ny_orb,"{""range_min"": 30, ""stop_mode"": ""opposite"", ""rr"": 1.0}",dev+wf full-span,2021-01-01..2023-07-01,ec51201a195bb1403cb3fb54d24ae6f734ee94a29a6229a4982d9ef113ccf4c6,57806f86fb350e37,0,ok,647,-5538.726973465792,-0.5538726973465793,0.5568181991036133,-4.6730499387560505,0.5680704477089006,-0.2551705175311325,0.4528593508500773,0.4500768049155146,
E0008,2026-10-03T02:21:47+00:00,4cd0ff42b942b267a492453f71c4eff1a00f7496,True,pipeline-test-synthetic,H1_ny_orb,"{""range_min"": 30, ""stop_mode"": ""opposite"", ""rr"": 2.0}",dev+wf full-span,2021-01-01..2023-07-01,ec51201a195bb1403cb3fb54d24ae6f734ee94a29a6229a4982d9ef113ccf4c6,57806f86fb350e37,0,ok,647,-6332.461264809419,-0.6332461264809419,0.6408650510961855,-4.56674828406601,0.5849674587452287,-0.3168223695581884,0.31375579598145287,0.3118279569892473,
E0009,2026-10-03T02:21:47+00:00,4cd0ff42b942b267a492453f71c4eff1a00f7496,True,pipeline-test-synthetic,H1_ny_orb,"{""range_min"": 30, ""stop_mode"": ""opposite"", ""rr"": 0}",dev+wf full-span,2021-01-01..2023-07-01,ec51201a195bb1403cb3fb54d24ae6f734ee94a29a6229a4982d9ef113ccf4c6,57806f86fb350e37,0,ok,647,-6980.572798405425,-0.6980572798405424,0.7039299851769746,-5.034358899781821,0.517238967856455,-0.3804521539058327,0.2762345679012346,0.2749615975422427,
E0010,2026-10-03T02:21:47+00:00,4cd0ff42b942b267a492453f71c4eff1a00f7496,True,pipeline-test-synthetic,H1_ny_orb,"{""range_min"": 30, ""stop_mode"": ""mid"", ""rr"": 1.0}",dev+wf full-span,2021-01-01..2023-07-01,ec51201a195bb1403cb3fb54d24ae6f734ee94a29a6229a4982d9ef113ccf4c6,57806f86fb350e37,0,ok,647,-7711.9514352761835,-0.7711951435276183,0.771602468737421,-9.415313486086584,0.3158886399145688,-0.4647866951326647,0.3910355486862442,0.38863287250384027,
E0011,2026-10-03T02:21:47+00:00,4cd0ff42b942b267a492453f71c4eff1a00f7496,True,pipeline-test-synthetic,H1_ny_orb,"{""range_min"": 30, ""stop_mode"": ""mid"", ""rr"": 2.0}",dev+wf full-span,2021-01-01..2023-07-01,ec51201a195bb1403cb3fb54d24ae6f734ee94a29a6229a4982d9ef113ccf4c6,57806f86fb350e37,0,ok,647,-8078.092605771224,-0.8078092605771223,0.8078092605771224,-8.190797741451862,0.39684874604839826,-0.5210284488626465,0.2426584234930448,0.2411674347158218,
E0012,2026-10-03T02:21:47+00:00,4cd0ff42b942b267a492453f71c4eff1a00f7496,True,pipeline-test-synthetic,H1_ny_orb,"{""range_min"": 30, ""stop_mode"": ""mid"", ""rr"": 0}",dev+wf full-span,2021-01-01..2023-07-01,ec51201a195bb1403cb3fb54d24ae6f734ee94a29a6229a4982d9ef113ccf4c6,57806f86fb350e37,0,ok,647,-8725.070859736825,-0.8725070859736825,0.8725070859736824,-7.80374541184407,0.33672130109864246,-0.6540373450820283,0.125193199381762,0.12442396313364056,
E0013,2026-10-03T02:21:47+00:00,4cd0ff42b942b267a492453f71c4eff1a00f7496,True,pipeline-test-synthetic,H1_ny_orb,"{""range_min"": 60, ""stop_mode"": ""opposite"", ""rr"": 1.0}",dev+wf full-span,2021-01-01..2023-07-01,ec51201a195bb1403cb3fb54d24ae6f734ee94a29a6229a4982d9ef113ccf4c6,57806f86fb350e37,0,ok,612,-4684.650392968814,-0.46846503929688144,0.46969309620919564,-3.79237578065396,0.6170498179922379,-0.2111162774816129,0.4542483660130719,0.4270353302611367,
E0014,2026-10-03T02:21:47+00:00,4cd0ff42b942b267a492453f71c4eff1a00f7496,True,pipeline-test-synthetic,H1_ny_orb,"{""range_min"": 60, ""stop_mode"": ""opposite"", ""rr"": 2.0}",dev+wf full-span,2021-01-01..2023-07-01,ec51201a195bb1403cb3fb54d24ae6f734ee94a29a6229a4982d9ef113ccf4c6,57806f86fb350e37,0,ok,612,-5414.5490018935,-0.54145490018935,0.5552126251966528,-4.031863024691512,0.5930640113218831,-0.2609726786933472,0.36012861736334406,0.34408602150537637,
E0015,2026-10-03T02:21:47+00:00,4cd0ff42b942b267a492453f71c4eff1a00f7496,True,pipeline-test-synthetic,H1_ny_orb,"{""range_min"": 60, ""stop_mode"": ""opposite"", ""rr"": 0}",dev+wf full-span,2021-01-01..2023-07-01,ec51201a195bb1403cb3fb54d24ae6f734ee94a29a6229a4982d9ef113ccf4c6,57806f86fb350e37,0,ok,612,-5664.744009601457,-0.5664744009601457,0.5782025283259091,-4.151372884071167,0.5683129366344192,-0.27963664622458,0.34935897435897434,0.3348694316436252,
E0016,2026-10-03T02:21:47+00:00,4cd0ff42b942b267a492453f71c4eff1a00f7496,True,pipeline-test-synthetic,H1_ny_orb,"{""range_min"": 60, ""stop_mode"": ""mid"", ""rr"": 1.0}",dev+wf full-span,2021-01-01..2023-07-01,ec51201a195bb1403cb3fb54d24ae6f734ee94a29a6229a4982d9ef113ccf4c6,57806f86fb350e37,0,ok,612,-6303.270307538484,-0.6303270307538484,0.6303270307538484,-6.086978591123522,0.4657929285781783,-0.33068511358687386,0.4411764705882353,0.4147465437788018,
E0017,2026-10-03T02:21:47+00:00,4cd0ff42b942b267a492453f71c4eff1a00f7496,True,pipeline-test-synthetic,H1_ny_orb,"{""range_min"": 60, ""stop_mode"": ""mid"", ""rr"": 2.0}",dev+wf full-span,2021-01-01..2023-07-01,ec51201a195bb1403cb3fb54d24ae6f734ee94a29a6229a4982d9ef113ccf4c6,57806f86fb350e37,0,ok,612,-7421.812770660661,-0.7421812770660661,0.7421812770660661,-6.565385182436305,0.44780119799818136,-0.4516634541648507,0.2565359477124183,0.2411674347158218,
E0018,2026-10-03T02:21:47+00:00,4cd0ff42b942b267a492453f71c4eff1a00f7496,True,pipeline-test-synthetic,H1_ny_orb,"{""range_min"": 60, ""stop_mode"": ""mid"", ""rr"": 0}",dev+wf full-span,2021-01-01..2023-07-01,ec51201a195bb1403cb3fb54d24ae6f734ee94a29a6229a4982d9ef113ccf4c6,57806f86fb350e37,0,ok,612,-8099.691220067509,-0.8099691220067509,0.8136610316608583,-6.915333204821637,0.40282510038871455,-0.5572229989611357,0.1772357723577236,0.1674347158218126,
E0019,2026-10-03T02:22:11+00:00,4cd0ff42b942b267a492453f71c4eff1a00f7496,True,pipeline-test-synthetic,H2_ldn_asia_bo,"{""buffer"": 0.0, ""stop_mode"": ""opposite"", ""rr"": 1.0}",dev+wf full-span,2021-01-01..2023-07-01,ec51201a195bb1403cb3fb54d24ae6f734ee94a29a6229a4982d9ef113ccf4c6,57806f86fb350e37,0,ok,412,-1327.2179026048525,-0.13272179026048525,0.14574022421570457,-1.2452854622494556,0.8005816942351205,-0.07219729280553655,0.45121951219512196,0.34101382488479265,
E0020,2026-10-03T02:22:11+00:00,4cd0ff42b942b267a492453f71c4eff1a00f7496,True,pipeline-test-synthetic,H2_ldn_asia_bo,"{""buffer"": 0.0, ""stop_mode"": ""opposite"", ""rr"": 2.0}",dev+wf full-span,2021-01-01..2023-07-01,ec51201a195bb1403cb3fb54d24ae6f734ee94a29a6229a4982d9ef113ccf4c6,57806f86fb350e37,0,ok,412,-1379.7484667150038,-0.1379748466715004,0.15025975124134333,-1.1833658846852244,0.797785449085002,-0.07494178707067346,0.41762452107279696,0.3348694316436252,
E0021,2026-10-03T02:22:11+00:00,4cd0ff42b942b267a492453f71c4eff1a00f7496,True,pipeline-test-synthetic,H2_ldn_asia_bo,"{""buffer"": 0.0, ""stop_mode"": ""opposite"", ""rr"": 0}",dev+wf full-span,2021-01-01..2023-07-01,ec51201a195bb1403cb3fb54d24ae6f734ee94a29a6229a4982d9ef113ccf4c6,57806f86fb350e37,0,ok,412,-1634.911963057144,-0.1634911963057144,0.17511432763717782,-1.4773727618287582,0.7575601002680978,-0.09059205986733761,0.4045368620037807,0.32872503840245776,
E0022,2026-10-03T02:22:11+00:00,4cd0ff42b942b267a492453f71c4eff1a00f7496,True,pipeline-test-synthetic,H2_ldn_asia_bo,"{""buffer"": 0.0, ""stop_mode"": ""mid"", ""rr"": 1.0}",dev+wf full-span,2021-01-01..2023-07-01,ec51201a195bb1403cb3fb54d24ae6f734ee94a29a6229a4982d9ef113ccf4c6,57806f86fb350e37,0,ok,412,-2344.6319743511594,-0.2344631974351159,0.248078291650837,-1.875288146141496,0.7393836624730066,-0.13224806117834492,0.4786729857819905,0.3102918586789555,
E0023,2026-10-03T02:22:11+00:00,4cd0ff42b942b267a492453f71c4eff1a00f7496,True,pipeline-test-synthetic,H2_ldn_asia_bo,"{""buffer"": 0.0, ""stop_mode"": ""mid"", ""rr"": 2.0}",dev+wf full-span,2021-01-01..2023-07-01,ec51201a195bb1403cb3fb54d24ae6f734ee94a29a6229a4982d9ef113ccf4c6,57806f86fb350e37,0,ok,412,-2669.526978499761,-0.2669526978499761,0.28540097271302894,-1.7253378485443336,0.7499371798100677,-0.15193854535486,0.3622222222222222,0.250384024577573,
E0024,2026-10-03T02:22:11+00:00,4cd0ff42b942b267a492453f71c4eff1a00f7496,True,pipeline-test-synthetic,H2_ldn_asia_bo,"{""buffer"": 0.0, ""stop_mode"": ""mid"", ""rr"": 0}",dev+wf full-span,2021-01-01..2023-07-01,ec51201a195bb1403cb3fb54d24ae6f734ee94a29a6229a4982d9ef113ccf4c6,57806f86fb350e37,0,ok,412,-3376.182852860451,-0.3376182852860451,0.3552496327292238,-2.1301146901196737,0.6857652277130727,-0.2051913351208263,0.31865828092243187,0.23348694316436253,
E0025,2026-10-03T02:22:11+00:00,4cd0ff42b942b267a492453f71c4eff1a00f7496,True,pipeline-test-synthetic,H2_ldn_asia_bo,"{""buffer"": 0.1, ""stop_mode"": ""opposite"", ""rr"": 1.0}",dev+wf full-span,2021-01-01..2023-07-01,ec51201a195bb1403cb3fb54d24ae6f734ee94a29a6229a4982d9ef113ccf4c6,57806f86fb350e37,0,ok,316,-1230.3829313290626,-0.12303829313290626,0.1342384579115918,-1.3800812556200883,0.7496021424736088,-0.08218845469297115,0.4229828850855746,0.26574500768049153,
E0026,2026-10-03T02:22:11+00:00,4cd0ff42b942b267a492453f71c4eff1a00f7496,True,pipeline-test-synthetic,H2_ldn_asia_bo,"{""buffer"": 0.1, ""stop_mode"": ""opposite"", ""rr"": 2.0}",dev+wf full-span,2021-01-01..2023-07-01,ec51201a195bb1403cb3fb54d24ae6f734ee94a29a6229a4982d9ef113ccf4c6,57806f86fb350e37,0,ok,316,-1364.2004302957575,-0.13642004302957578,0.14437720021267655,-1.4639710971270636,0.7265126126399405,-0.09499393397357347,0.3949771689497717,0.26574500768049153,
E0027,2026-10-03T02:22:11+00:00,4cd0ff42b942b267a492453f71c4eff1a00f7496,True,pipeline-test-synthetic,H2_ldn_asia_bo,"{""buffer"": 0.1, ""stop_mode"": ""opposite"", ""rr"": 0}",dev+wf full-span,2021-01-01..2023-07-01,ec51201a195bb1403cb3fb54d24ae6f734ee94a29a6229a4982d9ef113ccf4c6,57806f86fb350e37,0,ok,316,-1424.108723651636,-0.1424108723651636,0.15027534851568383,-1.552346819923048,0.7139791649120263,-0.09989566961952442,0.39503386004514673,0.26881720430107525,
E0028,2026-10-03T02:22:11+00:00,4cd0ff42b942b267a492453f71c4eff1a00f7496,True,pipeline-test-synthetic,H2_ldn_asia_bo,"{""buffer"": 0.1, ""stop_mode"": ""mid"", ""rr"": 1.0}",dev+wf full-span,2021-01-01..2023-07-01,ec51201a195bb1403cb3fb54d24ae6f734ee94a29a6229a4982d9ef113ccf4c6,57806f86fb350e37,0,ok,316,-2133.0629708949145,-0.21330629708949145,0.2251685444744055,-1.9768009000667088,0.6973342493164931,-0.1548943366264981,0.45,0.2350230414746544,
E0029,2026-10-03T02:22:11+00:00,4cd0ff42b942b267a492453f71c4eff1a00f7496,True,pipeline-test-synthetic,H2_ldn_asia_bo,"{""buffer"": 0.1, ""stop_mode"": ""mid"", ""rr"": 2.0}",dev+wf full-span,2021-01-01..2023-07-01,ec51201a195bb1403cb3fb54d24ae6f734ee94a29a6229a4982d9ef113ccf4c6,57806f86fb350e37,0,ok,316,-2022.0201405113612,-0.20220201405113614,0.22056087812644934,-1.4944093772864684,0.7435613828854016,-0.1446745311496674,0.3646112600536193,0.20890937019969277,
E0030,2026-10-03T02:22:11+00:00,4cd0ff42b942b267a492453f71c4eff1a00f7496,True,pipeline-test-synthetic,H2_ldn_asia_bo,"{""buffer"": 0.1, ""stop_mode"": ""mid"", ""rr"": 0}",dev+wf full-span,2021-01-01..2023-07-01,ec51201a195bb1403cb3fb54d24ae6f734ee94a29a6229a4982d9ef113ccf4c6,57806f86fb350e37,0,ok,316,-2526.6699498180033,-0.25266699498180034,0.2672862964277564,-1.8975209646133453,0.6793774644824291,-0.1886654069239277,0.345088161209068,0.21044546850998463,
E0031,2026-10-03T02:22:34+00:00,4cd0ff42b942b267a492453f71c4eff1a00f7496,True,pipeline-test-synthetic,H3_intraday_mom,"{""decision"": 600, ""k"": 0.0, ""stop_atr"": 0.5}",dev+wf full-span,2021-01-01..2023-07-01,ec51201a195bb1403cb3fb54d24ae6f734ee94a29a6229a4982d9ef113ccf4c6,57806f86fb350e37,0,ok,630,-3036.494066536022,-0.3036494066536022,0.319808280794777,-2.987772057811597,0.6343825572853962,-0.12258998421404246,0.42063492063492064,0.40706605222734255,
E0032,2026-10-03T02:22:34+00:00,4cd0ff42b942b267a492453f71c4eff1a00f7496,True,pipeline-test-synthetic,H3_intraday_mom,"{""decision"": 600, ""k"": 0.0, ""stop_atr"": 1.0}",dev+wf full-span,2021-01-01..2023-07-01,ec51201a195bb1403cb3fb54d24ae6f734ee94a29a6229a4982d9ef113ccf4c6,57806f86fb350e37,0,ok,630,-1514.7040068510541,-0.15147040068510542,0.1615094259660572,-2.7419315990535797,0.6518102283264717,-0.05927149326265078,0.4253968253968254,0.4116743471582181,
E0033,2026-10-03T02:22:34+00:00,4cd0ff42b942b267a492453f71c4eff1a00f7496,True,pipeline-test-synthetic,H3_intraday_mom,"{""decision"": 600, ""k"": 0.25, ""stop_atr"": 0.5}",dev+wf full-span,2021-01-01..2023-07-01,ec51201a195bb1403cb3fb54d24ae6f734ee94a29a6229a4982d9ef113ccf4c6,57806f86fb350e37,0,ok,500,-2785.6266007497525,-0.2785626600749752,0.28588392219814424,-3.0288970534346698,0.5954370393951565,-0.13570682042678409,0.38620689655172413,0.34408602150537637,
E0034,2026-10-03T02:22:34+00:00,4cd0ff42b942b267a492453f71c4eff1a00f7496,True,pipeline-test-synthetic,H3_intraday_mom,"{""decision"": 600, ""k"": 0.25, ""stop_atr"": 1.0}",dev+wf full-span,2021-01-01..2023-07-01,ec51201a195bb1403cb3fb54d24ae6f734ee94a29a6229a4982d9ef113ccf4c6,57806f86fb350e37,0,ok,500,-1401.087340920134,-0.1401087340920134,0.14419756042790105,-2.7780710881193973,0.6121085544043023,-0.06818742118309623,0.3860232945091514,0.3563748079877112,
E0035,2026-10-03T02:22:34+00:00,4cd0ff42b942b267a492453f71c4eff1a00f7496,True,pipeline-test-synthetic,H3_intraday_mom,"{""decision"": 600, ""k"": 0.5, ""stop_atr"": 0.5}",dev+wf full-span,2021-01-01..2023-07-01,ec51201a195bb1403cb3fb54d24ae6f734ee94a29a6229a4982d9ef113ccf4c6,57806f86fb350e37,0,ok,366,-2154.95901194989,-0.21549590119498896,0.218104674225688,-2.643899842367782,0.587727056504769,-0.14043825254958547,0.35991820040899797,0.27035330261136714,
E0036,2026-10-03T02:22:34+00:00,4cd0ff42b942b267a492453f71c4eff1a00f7496,True,pipeline-test-synthetic,H3_intraday_mom,"{""decision"": 600, ""k"": 0.5, ""stop_atr"": 1.0}",dev+wf full-span,2021-01-01..2023-07-01,ec51201a195bb1403cb3fb54d24ae6f734ee94a29a6229a4982d9ef113ccf4c6,57806f86fb350e37,0,ok,366,-1137.0820862932724,-0.11370820862932729,0.11992393529128025,-2.5815734708323173,0.5842626735206109,-0.07218595461720749,0.36046511627906974,0.2857142857142857,
E0037,2026-10-03T02:22:34+00:00,4cd0ff42b942b267a492453f71c4eff1a00f7496,True,pipeline-test-synthetic,H3_intraday_mom,"{""decision"": 720, ""k"": 0.0, ""stop_atr"": 0.5}",dev+wf full-span,2021-01-01..2023-07-01,ec51201a195bb1403cb3fb54d24ae6f734ee94a29a6229a4982d9ef113ccf4c6,57806f86fb350e37,0,ok,630,-3013.2395634937357,-0.3013239563493736,0.306161190903258,-3.476196632708222,0.5852886130243176,-0.11930334282328071,0.4126984126984127,0.39938556067588327,
E0038,2026-10-03T02:22:34+00:00,4cd0ff42b942b267a492453f71c4eff1a00f7496,True,pipeline-test-synthetic,H3_intraday_mom,"{""decision"": 720, ""k"": 0.0, ""stop_atr"": 1.0}",dev+wf full-span,2021-01-01..2023-07-01,ec51201a195bb1403cb3fb54d24ae6f734ee94a29a6229a4982d9ef113ccf4c6,57806f86fb350e37,0,ok,630,-1605.8585964058148,-0.16058585964058147,0.1639049728800228,-3.4097855860033017,0.5850807178238405,-0.06129853939249838,0.4111111111111111,0.3978494623655914,
E0039,2026-10-03T02:22:34+00:00,4cd0ff42b942b267a492453f71c4eff1a00f7496,True,pipeline-test-synthetic,H3_intraday_mom,"{""decision"": 720, ""k"": 0.25, ""stop_atr"": 0.5}",dev+wf full-span,2021-01-01..2023-07-01,ec51201a195bb1403cb3fb54d24ae6f734ee94a29a6229a4982d9ef113ccf4c6,57806f86fb350e37,0,ok,503,-2439.8386073967067,-0.2439838607396707,0.24991627487913837,-2.9675023176301325,0.5966260452894405,-0.11561312511601624,0.39864864864864863,0.36251920122887865,
E0040,2026-10-03T02:22:34+00:00,4cd0ff42b942b267a492453f71c4eff1a00f7496,True,pipeline-test-synthetic,H3_intraday_mom,"{""decision"": 720, ""k"": 0.25, ""stop_atr"": 1.0}",dev+wf full-span,2021-01-01..2023-07-01,ec51201a195bb1403cb3fb54d24ae6f734ee94a29a6229a4982d9ef113ccf4c6,57806f86fb350e37,0,ok,503,-1303.6622992057746,-0.13036622992057745,0.13409816376522288,-2.93510537320922,0.5939145906880091,-0.06120048517262019,0.39669421487603307,0.3686635944700461,
E0041,2026-10-03T02:22:34+00:00,4cd0ff42b942b267a492453f71c4eff1a00f7496,True,pipeline-test-synthetic,H3_intraday_mom,"{""decision"": 720, ""k"": 0.5, ""stop_atr"": 0.5}",dev+wf full-span,2021-01-01..2023-07-01,ec51201a195bb1403cb3fb54d24ae6f734ee94a29a6229a4982d9ef113ccf4c6,57806f86fb350e37,0,ok,361,-1840.1066129345536,-0.18401066129345534,0.19008418808688946,-2.527100885177624,0.5931764955216737,-0.11787219168584531,0.3838383838383838,0.29185867895545314,
E0042,2026-10-03T02:22:34+00:00,4cd0ff42b942b267a492453f71c4eff1a00f7496,True,pipeline-test-synthetic,H3_intraday_mom,"{""decision"": 720, ""k"": 0.5, ""stop_atr"": 1.0}",dev+wf full-span,2021-01-01..2023-07-01,ec51201a195bb1403cb3fb54d24ae6f734ee94a29a6229a4982d9ef113ccf4c6,57806f86fb350e37,0,ok,361,-1018.0538966213462,-0.1018053896621346,0.10501407548635168,-2.648148091851156,0.5720393518007064,-0.06452584474119599,0.3742690058479532,0.29493087557603687,
E0043,2026-10-03T02:22:53+00:00,4cd0ff42b942b267a492453f71c4eff1a00f7496,True,pipeline-test-synthetic,H4_asia_mr,"{""lookback"": 30, ""z"": 2.0, ""stop_sd"": 2.0}",dev+wf full-span,2021-01-01..2023-07-01,ec51201a195bb1403cb3fb54d24ae6f734ee94a29a6229a4982d9ef113ccf4c6,57806f86fb350e37,0,ok,1314,-9900.349043521524,-0.9900349043521525,0.9900349043521525,-11.987627389897499,0.11146312095923909,-0.7847391052135143,0.003937007874015748,0.0015360983102918587,
E0044,2026-10-03T02:22:53+00:00,4cd0ff42b942b267a492453f71c4eff1a00f7496,True,pipeline-test-synthetic,H4_asia_mr,"{""lookback"": 30, ""z"": 2.0, ""stop_sd"": 3.0}",dev+wf full-span,2021-01-01..2023-07-01,ec51201a195bb1403cb3fb54d24ae6f734ee94a29a6229a4982d9ef113ccf4c6,57806f86fb350e37,0,ok,1730,-9897.88222643654,-0.9897882226436541,0.9897882226436541,-13.573643389909,0.1668646054360787,-0.593166735176035,0.03235294117647059,0.016897081413210446,
E0045,2026-10-03T02:22:53+00:00,4cd0ff42b942b267a492453f71c4eff1a00f7496,True,pipeline-test-synthetic,H4_asia_mr,"{""lookback"": 30, ""z"": 2.5, ""stop_sd"": 2.0}",dev+wf full-span,2021-01-01..2023-07-01,ec51201a195bb1403cb3fb54d24ae6f734ee94a29a6229a4982d9ef113ccf4c6,57806f86fb350e37,0,ok,1248,-9900.471076222511,-0.9900471076222512,0.9900471076222511,-12.05320646207664,0.09076626426730104,-0.8253236615884589,0.0076045627376425855,0.0030721966205837174,
E0046,2026-10-03T02:22:53+00:00,4cd0ff42b942b267a492453f71c4eff1a00f7496,True,pipeline-test-synthetic,H4_asia_mr,"{""lookback"": 30, ""z"": 2.5, ""stop_sd"": 3.0}",dev+wf full-span,2021-01-01..2023-07-01,ec51201a195bb1403cb3fb54d24ae6f734ee94a29a6229a4982d9ef113ccf4c6,57806f86fb350e37,0,ok,1680,-9890.661811022681,-0.9890661811022681,0.9890661811022681,-13.480190734730698,0.17953161226165595,-0.6057496698689038,0.054945054945054944,0.030721966205837174,
E0047,2026-10-03T02:22:53+00:00,4cd0ff42b942b267a492453f71c4eff1a00f7496,True,pipeline-test-synthetic,H4_asia_mr,"{""lookback"": 30, ""z"": 3.0, ""stop_sd"": 2.0}",dev+wf full-span,2021-01-01..2023-07-01,ec51201a195bb1403cb3fb54d24ae6f734ee94a29a6229a4982d9ef113ccf4c6,57806f86fb350e37,0,ok,1253,-9900.386797173607,-0.9900386797173608,0.9900386797173607,-14.94305167877057,0.10615498264441266,-0.8226734495845631,0.07432432432432433,0.05069124423963134,
E0048,2026-10-03T02:22:53+00:00,4cd0ff42b942b267a492453f71c4eff1a00f7496,True,pipeline-test-synthetic,H4_asia_mr,"{""lookback"": 30, ""z"": 3.0, ""stop_sd"": 3.0}",dev+wf full-span,2021-01-01..2023-07-01,ec51201a195bb1403cb3fb54d24ae6f734ee94a29a6229a4982d9ef113ccf4c6,57806f86fb350e37,0,ok,1571,-9846.128776982114,-0.9846128776982115,0.9846135997367559,-15.885551887830795,0.17145601497194365,-0.6040564710076739,0.13822525597269625,0.12442396313364056,
E0049,2026-10-03T02:22:53+00:00,4cd0ff42b942b267a492453f71c4eff1a00f7496,True,pipeline-test-synthetic,H4_asia_mr,"{""lookback"": 60, ""z"": 2.0, ""stop_sd"": 2.0}",dev+wf full-span,2021-01-01..2023-07-01,ec51201a195bb1403cb3fb54d24ae6f734ee94a29a6229a4982d9ef113ccf4c6,57806f86fb350e37,0,ok,1532,-9898.725637111513,-0.9898725637111513,0.9898725637111513,-12.720793150563763,0.1683001815502329,-0.6701721952842693,0.036303630363036306,0.016897081413210446,
E0050,2026-10-03T02:22:53+00:00,4cd0ff42b942b267a492453f71c4eff1a00f7496,True,pipeline-test-synthetic,H4_asia_mr,"{""lookback"": 60, ""z"": 2.0, ""stop_sd"": 3.0}",dev+wf full-span,2021-01-01..2023-07-01,ec51201a195bb1403cb3fb54d24ae6f734ee94a29a6229a4982d9ef113ccf4c6,57806f86fb350e37,0,ok,2164,-9861.578268647634,-0.9861578268647633,0.9862265771776347,-13.647729776092978,0.28986854525371214,-0.44721797316517675,0.10904872389791183,0.07219662058371736,
E0051,2026-10-03T02:22:53+00:00,4cd0ff42b942b267a492453f71c4eff1a00f7496,True,pipeline-test-synthetic,H4_asia_mr,"{""lookback"": 60, ""z"": 2.5, ""stop_sd"": 2.0}",dev+wf full-span,2021-01-01..2023-07-01,ec51201a195bb1403cb3fb54d24ae6f734ee94a29a6229a4982d9ef113ccf4c6,57806f86fb350e37,0,ok,1487,-9894.079786218237,-0.9894079786218236,0.9894337282373505,-12.8581227246429,0.18140839345777224,-0.6836502458549214,0.04923076923076923,0.02457757296466974,
E0052,2026-10-03T02:22:53+00:00,4cd0ff42b942b267a492453f71c4eff1a00f7496,True,pipeline-test-synthetic,H4_asia_mr,"{""lookback"": 60, ""z"": 2.5, ""stop_sd"": 3.0}",dev+wf full-span,2021-01-01..2023-07-01,ec51201a195bb1403cb3fb54d24ae6f734ee94a29a6229a4982d9ef113ccf4c6,57806f86fb350e37,0,ok,2041,-9855.286899161381,-0.9855286899161382,0.9855286899161382,-14.047576134143009,0.27814519972930285,-0.4704693296685036,0.13636363636363635,0.10138248847926268,
E0053,2026-10-03T02:22:53+00:00,4cd0ff42b942b267a492453f71c4eff1a00f7496,True,pipeline-test-synthetic,H4_asia_mr,"{""lookback"": 60, ""z"": 3.0, ""stop_sd"": 2.0}",dev+wf full-span,2021-01-01..2023-07-01,ec51201a195bb1403cb3fb54d24ae6f734ee94a29a6229a4982d9ef113ccf4c6,57806f86fb350e37,0,ok,1350,-9868.061412954565,-0.9868061412954564,0.9869286418861493,-14.465733423802591,0.15137135471167593,-0.7204811976839117,0.14122137404580154,0.11367127496159754,
E0054,2026-10-03T02:22:53+00:00,4cd0ff42b942b267a492453f71c4eff1a00f7496,True,pipeline-test-synthetic,H4_asia_mr,"{""lookback"": 60, ""z"": 3.0, ""stop_sd"": 3.0}",dev+wf full-span,2021-01-01..2023-07-01,ec51201a195bb1403cb3fb54d24ae6f734ee94a29a6229a4982d9ef113ccf4c6,57806f86fb350e37,0,ok,1412,-9615.59535414166,-0.961559535414166,0.9616655247242827,-13.142209864916975,0.21771586510282898,-0.5027205058848789,0.18600682593856654,0.1674347158218126,
E0055,2026-10-03T02:23:08+00:00,4cd0ff42b942b267a492453f71c4eff1a00f7496,True,pipeline-test-synthetic,H5_tod_drift,"{""window"": [18, 3], ""side"": 1}",dev+wf full-span,2021-01-01..2023-07-01,ec51201a195bb1403cb3fb54d24ae6f734ee94a29a6229a4982d9ef113ccf4c6,57806f86fb350e37,0,ok,637,-1844.7106525286526,-0.18447106525286527,0.19343862071882195,-2.904812134194506,0.6351156535817514,-0.07312894792487855,0.40816326530612246,0.39938556067588327,
E0056,2026-10-03T02:23:08+00:00,4cd0ff42b942b267a492453f71c4eff1a00f7496,True,pipeline-test-synthetic,H5_tod_drift,"{""window"": [18, 3], ""side"": -1}",dev+wf full-span,2021-01-01..2023-07-01,ec51201a195bb1403cb3fb54d24ae6f734ee94a29a6229a4982d9ef113ccf4c6,57806f86fb350e37,0,ok,637,-1037.5907190349371,-0.10375907190349376,0.11800631432241002,-1.5803561804068837,0.7757888283433524,-0.037694843971291754,0.47566718995290425,0.46543778801843316,
E0057,2026-10-03T02:23:08+00:00,4cd0ff42b942b267a492453f71c4eff1a00f7496,True,pipeline-test-synthetic,H5_tod_drift,"{""window"": [3, 8], ""side"": 1}",dev+wf full-span,2021-01-01..2023-07-01,ec51201a195bb1403cb3fb54d24ae6f734ee94a29a6229a4982d9ef113ccf4c6,57806f86fb350e37,0,ok,637,-1375.9639181912462,-0.13759639181912464,0.14232423404187183,-2.9116358162958345,0.630890490558526,-0.049815372932467065,0.4317111459968603,0.42242703533026116,
E0058,2026-10-03T02:23:08+00:00,4cd0ff42b942b267a492453f71c4eff1a00f7496,True,pipeline-test-synthetic,H5_tod_drift,"{""window"": [3, 8], ""side"": -1}",dev+wf full-span,2021-01-01..2023-07-01,ec51201a195bb1403cb3fb54d24ae6f734ee94a29a6229a4982d9ef113ccf4c6,57806f86fb350e37,0,ok,637,-1613.6562410098286,-0.16136562410098287,0.16538158746124262,-3.4142749267264008,0.5868726526115192,-0.06210319732435041,0.41915227629513346,0.41013824884792627,
E0059,2026-10-03T02:23:08+00:00,4cd0ff42b942b267a492453f71c4eff1a00f7496,True,pipeline-test-synthetic,H5_tod_drift,"{""window"": [8, 12], ""side"": 1}",dev+wf full-span,2021-01-01..2023-07-01,ec51201a195bb1403cb3fb54d24ae6f734ee94a29a6229a4982d9ef113ccf4c6,57806f86fb350e37,0,ok,637,-1637.4836457595065,-0.16374836457595066,0.16955567058355064,-4.096517420462729,0.5232384300933498,-0.062490698122059464,0.40188383045525905,0.3932411674347158,
E0060,2026-10-03T02:23:08+00:00,4cd0ff42b942b267a492453f71c4eff1a00f7496,True,pipeline-test-synthetic,H5_tod_drift,"{""window"": [8, 12], ""side"": -1}",dev+wf full-span,2021-01-01..2023-07-01,ec51201a195bb1403cb3fb54d24ae6f734ee94a29a6229a4982d9ef113ccf4c6,57806f86fb350e37,0,ok,637,-1332.5127340443269,-0.13325127340443266,0.13540707537092378,-3.278059997170992,0.5967022748386256,-0.04944469386778799,0.40816326530612246,0.39938556067588327,
E0061,2026-10-03T02:23:08+00:00,4cd0ff42b942b267a492453f71c4eff1a00f7496,True,pipeline-test-synthetic,H5_tod_drift,"{""window"": [12, 16], ""side"": 1}",dev+wf full-span,2021-01-01..2023-07-01,ec51201a195bb1403cb3fb54d24ae6f734ee94a29a6229a4982d9ef113ccf4c6,57806f86fb350e37,0,ok,637,-1419.2943068293662,-0.14192943068293662,0.14448177148493452,-3.4302208800410896,0.5779370297933144,-0.052047040162441376,0.4411302982731554,0.43164362519201227,
E0062,2026-10-03T02:23:08+00:00,4cd0ff42b942b267a492453f71c4eff1a00f7496,True,pipeline-test-synthetic,H5_tod_drift,"{""window"": [12, 16], ""side"": -1}",dev+wf full-span,2021-01-01..2023-07-01,ec51201a195bb1403cb3fb54d24ae6f734ee94a29a6229a4982d9ef113ccf4c6,57806f86fb350e37,0,ok,637,-1582.122013052449,-0.15821220130524494,0.1606384022501872,-3.8565627269719918,0.5526041887797719,-0.06016476337389157,0.4003139717425432,0.391705069124424,
E0063,2026-10-03T02:24:01+00:00,4cd0ff42b942b267a492453f71c4eff1a00f7496,True,pipeline-test-synthetic-edge,H1_ny_orb,"{""range_min"": 10, ""stop_mode"": ""opposite"", ""rr"": 1.0}",dev+wf full-span,2021-01-01..2023-07-01,108fda0c3f5eaaf5dde135fb089020e046d30bcc3ca24342ab433e457ecd492f,57806f86fb350e37,0,ok,651,-7102.104762442972,-0.7102104762442972,0.7102104762442972,-7.562841669682448,0.3894612910142915,-0.3880859100893768,0.41321044546851,0.41321044546851,
E0064,2026-10-03T02:24:01+00:00,4cd0ff42b942b267a492453f71c4eff1a00f7496,True,pipeline-test-synthetic-edge,H1_ny_orb,"{""range_min"": 10, ""stop_mode"": ""opposite"", ""rr"": 2.0}",dev+wf full-span,2021-01-01..2023-07-01,108fda0c3f5eaaf5dde135fb089020e046d30bcc3ca24342ab433e457ecd492f,57806f86fb350e37,0,ok,651,-7592.152479718342,-0.7592152479718342,0.7592152479718342,-6.701920506221225,0.43782384899140275,-0.44713212545262554,0.25806451612903225,0.25806451612903225,
E0065,2026-10-03T02:24:01+00:00,4cd0ff42b942b267a492453f71c4eff1a00f7496,True,pipeline-test-synthetic-edge,H1_ny_orb,"{""range_min"": 10, ""stop_mode"": ""opposite"", ""rr"": 0}",dev+wf full-span,2021-01-01..2023-07-01,108fda0c3f5eaaf5dde135fb089020e046d30bcc3ca24342ab433e457ecd492f,57806f86fb350e37,0,ok,651,-8162.052146233487,-0.8162052146233487,0.8162052146233487,-6.0947356326313775,0.4255796143501865,-0.53278597563519,0.16436251920122888,0.16436251920122888,
E0066,2026-10-03T02:24:01+00:00,4cd0ff42b942b267a492453f71c4eff1a00f7496,True,pipeline-test-synthetic-edge,H1_ny_orb,"{""range_min"": 10, ""stop_mode"": ""mid"", ""rr"": 1.0}",dev+wf full-span,2021-01-01..2023-07-01,108fda0c3f5eaaf5dde135fb089020e046d30bcc3ca24342ab433e457ecd492f,57806f86fb350e37,0,ok,651,-8752.50786929799,-0.875250786929799,0.8759478985030226,-14.859167255141749,0.14937540034708982,-0.6548819680088197,0.3118279569892473,0.3118279569892473,
E0067,2026-10-03T02:24:01+00:00,4cd0ff42b942b267a492453f71c4eff1a00f7496,True,pipeline-test-synthetic-edge,H1_ny_orb,"{""range_min"": 10, ""stop_mode"": ""mid"", ""rr"": 2.0}",dev+wf full-span,2021-01-01..2023-07-01,108fda0c3f5eaaf5dde135fb089020e046d30bcc3ca24342ab433e457ecd492f,57806f86fb350e37,0,ok,651,-9052.949056261967,-0.9052949056261966,0.9055513322278299,-14.363618364986248,0.181395232915251,-0.7462042775918614,0.17204301075268819,0.17204301075268819,
E0068,2026-10-03T02:24:01+00:00,4cd0ff42b942b267a492453f71c4eff1a00f7496,True,pipeline-test-synthetic-edge,H1_ny_orb,"{""range_min"": 10, ""stop_mode"": ""mid"", ""rr"": 0}",dev+wf full-span,2021-01-01..2023-07-01,108fda0c3f5eaaf5dde135fb089020e046d30bcc3ca24342ab433e457ecd492f,57806f86fb350e37,0,ok,651,-9305.495792119656,-0.9305495792119657,0.9305495792119657,-10.305162085958905,0.15490700871435395,-0.8515244399092459,0.055299539170506916,0.055299539170506916,
E0069,2026-10-03T02:24:01+00:00,4cd0ff42b942b267a492453f71c4eff1a00f7496,True,pipeline-test-synthetic-edge,H1_ny_orb,"{""range_min"": 30, ""stop_mode"": ""opposite"", ""rr"": 1.0}",dev+wf full-span,2021-01-01..2023-07-01,108fda0c3f5eaaf5dde135fb089020e046d30bcc3ca24342ab433e457ecd492f,57806f86fb350e37,0,ok,647,-5538.726973465708,-0.5538726973465709,0.5568181991036045,-4.673049938756002,0.5680704477089022,-0.2551705175311246,0.4528593508500773,0.4500768049155146,
E0070,2026-10-03T02:24:01+00:00,4cd0ff42b942b267a492453f71c4eff1a00f7496,True,pipeline-test-synthetic-edge,H1_ny_orb,"{""range_min"": 30, ""stop_mode"": ""opposite"", ""rr"": 2.0}",dev+wf full-span,2021-01-01..2023-07-01,108fda0c3f5eaaf5dde135fb089020e046d30bcc3ca24342ab433e457ecd492f,57806f86fb350e37,0,ok,647,-6332.461264809369,-0.6332461264809368,0.6408650510961812,-4.566748284066044,0.5849674587452287,-0.31682236955818255,0.31375579598145287,0.3118279569892473,
E0071,2026-10-03T02:24:01+00:00,4cd0ff42b942b267a492453f71c4eff1a00f7496,True,pipeline-test-synthetic-edge,H1_ny_orb,"{""range_min"": 30, ""stop_mode"": ""opposite"", ""rr"": 0}",dev+wf full-span,2021-01-01..2023-07-01,108fda0c3f5eaaf5dde135fb089020e046d30bcc3ca24342ab433e457ecd492f,57806f86fb350e37,0,ok,647,-6980.57279840525,-0.6980572798405251,0.7039299851769572,-5.034358899781634,0.5172389678564643,-0.38045215390581755,0.2762345679012346,0.2749615975422427,
E0072,2026-10-03T02:24:01+00:00,4cd0ff42b942b267a492453f71c4eff1a00f7496,True,pipeline-test-synthetic-edge,H1_ny_orb,"{""range_min"": 30, ""stop_mode"": ""mid"", ""rr"": 1.0}",dev+wf full-span,2021-01-01..2023-07-01,108fda0c3f5eaaf5dde135fb089020e046d30bcc3ca24342ab433e457ecd492f,57806f86fb350e37,0,ok,647,-7711.951435276048,-0.7711951435276048,0.7716024687374075,-9.415313486086374,0.31588863991457056,-0.46478669513265186,0.3910355486862442,0.38863287250384027,
E0073,2026-10-03T02:24:01+00:00,4cd0ff42b942b267a492453f71c4eff1a00f7496,True,pipeline-test-synthetic-edge,H1_ny_orb,"{""range_min"": 30, ""stop_mode"": ""mid"", ""rr"": 2.0}",dev+wf full-span,2021-01-01..2023-07-01,108fda0c3f5eaaf5dde135fb089020e046d30bcc3ca24342ab433e457ecd492f,57806f86fb350e37,0,ok,647,-8078.092605771044,-0.8078092605771043,0.8078092605771044,-8.190797741451554,0.3968487460484051,-0.521028448862639,0.2426584234930448,0.2411674347158218,
E0074,2026-10-03T02:24:01+00:00,4cd0ff42b942b267a492453f71c4eff1a00f7496,True,pipeline-test-synthetic-edge,H1_ny_orb,"{""range_min"": 30, ""stop_mode"": ""mid"", ""rr"": 0}",dev+wf full-span,2021-01-01..2023-07-01,108fda0c3f5eaaf5dde135fb089020e046d30bcc3ca24342ab433e457ecd492f,57806f86fb350e37,0,ok,647,-8725.070859736732,-0.8725070859736732,0.8725070859736732,-7.803745411843817,0.3367213010986458,-0.6540373450820183,0.125193199381762,0.12442396313364056,
E0075,2026-10-03T02:24:01+00:00,4cd0ff42b942b267a492453f71c4eff1a00f7496,True,pipeline-test-synthetic-edge,H1_ny_orb,"{""range_min"": 60, ""stop_mode"": ""opposite"", ""rr"": 1.0}",dev+wf full-span,2021-01-01..2023-07-01,108fda0c3f5eaaf5dde135fb089020e046d30bcc3ca24342ab433e457ecd492f,57806f86fb350e37,0,ok,612,-4684.65039296887,-0.468465039296887,0.4696930962092006,-3.7923757806540648,0.6170498179922317,-0.21111627748160847,0.4542483660130719,0.4270353302611367,
E0076,2026-10-03T02:24:01+00:00,4cd0ff42b942b267a492453f71c4eff1a00f7496,True,pipeline-test-synthetic-edge,H1_ny_orb,"{""range_min"": 60, ""stop_mode"": ""opposite"", ""rr"": 2.0}",dev+wf full-span,2021-01-01..2023-07-01,108fda0c3f5eaaf5dde135fb089020e046d30bcc3ca24342ab433e457ecd492f,57806f86fb350e37,0,ok,612,-5414.549001893456,-0.5414549001893456,0.5552126251966479,-4.031863024691549,0.5930640113218845,-0.2609726786933402,0.36012861736334406,0.34408602150537637,
E0077,2026-10-03T02:24:01+00:00,4cd0ff42b942b267a492453f71c4eff1a00f7496,True,pipeline-test-synthetic-edge,H1_ny_orb,"{""range_min"": 60, ""stop_mode"": ""opposite"", ""rr"": 0}",dev+wf full-span,2021-01-01..2023-07-01,108fda0c3f5eaaf5dde135fb089020e046d30bcc3ca24342ab433e457ecd492f,57806f86fb350e37,0,ok,612,-5664.744009601317,-0.5664744009601317,0.5782025283258945,-4.151372884071091,0.5683129366344281,-0.27963664622456674,0.34935897435897434,0.3348694316436252,
E0078,2026-10-03T02:24:01+00:00,4cd0ff42b942b267a492453f71c4eff1a00f7496,True,pipeline-test-synthetic-edge,H1_ny_orb,"{""range_min"": 60, ""stop_mode"": ""mid"", ""rr"": 1.0}",dev+wf full-span,2021-01-01..2023-07-01,108fda0c3f5eaaf5dde135fb089020e046d30bcc3ca24342ab433e457ecd492f,57806f86fb350e37,0,ok,612,-6303.2703075386735,-0.6303270307538673,0.6303270307538673,-6.086978591123856,0.46579292857816046,-0.33068511358686903,0.4411764705882353,0.4147465437788018,
E0079,2026-10-03T02:24:01+00:00,4cd0ff42b942b267a492453f71c4eff1a00f7496,True,pipeline-test-synthetic-edge,H1_ny_orb,"{""range_min"": 60, ""stop_mode"": ""mid"", ""rr"": 2.0}",dev+wf full-span,2021-01-01..2023-07-01,108fda0c3f5eaaf5dde135fb089020e046d30bcc3ca24342ab433e457ecd492f,57806f86fb350e37,0,ok,612,-7421.812770660674,-0.7421812770660674,0.7421812770660674,-6.565385182436602,0.4478011979981702,-0.4516634541648487,0.2565359477124183,0.2411674347158218,
E0080,2026-10-03T02:24:01+00:00,4cd0ff42b942b267a492453f71c4eff1a00f7496,True,pipeline-test-synthetic-edge,H1_ny_orb,"{""range_min"": 60, ""stop_mode"": ""mid"", ""rr"": 0}",dev+wf full-span,2021-01-01..2023-07-01,108fda0c3f5eaaf5dde135fb089020e046d30bcc3ca24342ab433e457ecd492f,57806f86fb350e37,0,ok,612,-8099.691220067258,-0.8099691220067258,0.8136610316608337,-6.9153332048213985,0.40282510038872366,-0.5572229989611135,0.1772357723577236,0.1674347158218126,
E0081,2026-10-03T02:24:17+00:00,4cd0ff42b942b267a492453f71c4eff1a00f7496,True,pipeline-test-synthetic-edge,H5_tod_drift,"{""window"": [18, 3], ""side"": 1}",dev+wf full-span,2021-01-01..2023-07-01,108fda0c3f5eaaf5dde135fb089020e046d30bcc3ca24342ab433e457ecd492f,57806f86fb350e37,0,ok,637,-1830.471301642643,-0.18304713016426433,0.19197003625915224,-2.934450898884188,0.6323325679368889,-0.07261661566799715,0.40816326530612246,0.39938556067588327,
E0082,2026-10-03T02:24:17+00:00,4cd0ff42b942b267a492453f71c4eff1a00f7496,True,pipeline-test-synthetic-edge,H5_tod_drift,"{""window"": [18, 3], ""side"": -1}",dev+wf full-span,2021-01-01..2023-07-01,108fda0c3f5eaaf5dde135fb089020e046d30bcc3ca24342ab433e457ecd492f,57806f86fb350e37,0,ok,637,-1069.241986608129,-0.10692419866081293,0.12082972010333687,-1.66023615184423,0.7662344838650511,-0.03755591328043092,0.47566718995290425,0.46543778801843316,
E0083,2026-10-03T02:24:17+00:00,4cd0ff42b942b267a492453f71c4eff1a00f7496,True,pipeline-test-synthetic-edge,H5_tod_drift,"{""window"": [3, 8], ""side"": 1}",dev+wf full-span,2021-01-01..2023-07-01,108fda0c3f5eaaf5dde135fb089020e046d30bcc3ca24342ab433e457ecd492f,57806f86fb350e37,0,ok,637,2486.5740966950743,0.24865740966950733,0.009993444634805376,4.346225877583051,1.9787127816706735,0.07680372577280313,0.6043956043956044,0.5913978494623656,
E0084,2026-10-03T02:24:17+00:00,4cd0ff42b942b267a492453f71c4eff1a00f7496,True,pipeline-test-synthetic-edge,H5_tod_drift,"{""window"": [3, 8], ""side"": -1}",dev+wf full-span,2021-01-01..2023-07-01,108fda0c3f5eaaf5dde135fb089020e046d30bcc3ca24342ab433e457ecd492f,57806f86fb350e37,0,ok,637,-4087.5614261482206,-0.40875614261482207,0.41008952360205003,-10.5248151256111,0.18666875661442953,-0.18739860452037288,0.25902668759811615,0.2534562211981567,
E0085,2026-10-03T02:24:17+00:00,4cd0ff42b942b267a492453f71c4eff1a00f7496,True,pipeline-test-synthetic-edge,H5_tod_drift,"{""window"": [8, 12], ""side"": 1}",dev+wf full-span,2021-01-01..2023-07-01,108fda0c3f5eaaf5dde135fb089020e046d30bcc3ca24342ab433e457ecd492f,57806f86fb350e37,0,ok,637,-1632.5055538698707,-0.16325055538698707,0.1691438002313895,-4.1708781930967005,0.5160409253625569,-0.06177212113792195,0.40188383045525905,0.3932411674347158,
E0086,2026-10-03T02:24:17+00:00,4cd0ff42b942b267a492453f71c4eff1a00f7496,True,pipeline-test-synthetic-edge,H5_tod_drift,"{""window"": [8, 12], ""side"": -1}",dev+wf full-span,2021-01-01..2023-07-01,108fda0c3f5eaaf5dde135fb089020e046d30bcc3ca24342ab433e457ecd492f,57806f86fb350e37,0,ok,637,-1287.302035821098,-0.12873020358210974,0.1308935448431073,-3.2203946865049975,0.6024284132245377,-0.04867837468651375,0.40816326530612246,0.39938556067588327,
E0087,2026-10-03T02:24:17+00:00,4cd0ff42b942b267a492453f71c4eff1a00f7496,True,pipeline-test-synthetic-edge,H5_tod_drift,"{""window"": [12, 16], ""side"": 1}",dev+wf full-span,2021-01-01..2023-07-01,108fda0c3f5eaaf5dde135fb089020e046d30bcc3ca24342ab433e457ecd492f,57806f86fb350e37,0,ok,637,-1370.5682834070685,-0.13705682834070687,0.13961858442399983,-3.3808507513215016,0.5820453462050189,-0.05163430554745121,0.4411302982731554,0.43164362519201227,
E0088,2026-10-03T02:24:17+00:00,4cd0ff42b942b267a492453f71c4eff1a00f7496,True,pipeline-test-synthetic-edge,H5_tod_drift,"{""window"": [12, 16], ""side"": -1}",dev+wf full-span,2021-01-01..2023-07-01,108fda0c3f5eaaf5dde135fb089020e046d30bcc3ca24342ab433e457ecd492f,57806f86fb350e37,0,ok,637,-1557.5852836016802,-0.155758528360168,0.15818727062573631,-3.8743734794704383,0.551692336609106,-0.05909528107019453,0.4003139717425432,0.391705069124424,
E0089,2026-10-03T02:25:07+00:00,4cd0ff42b942b267a492453f71c4eff1a00f7496,True,pipeline-test-synthetic-edge,H5_tod_drift,"{""window"": [18, 3], ""side"": 1}",dev+wf full-span,2021-01-01..2023-07-01,108fda0c3f5eaaf5dde135fb089020e046d30bcc3ca24342ab433e457ecd492f,57806f86fb350e37,0,ok,637,-1830.471301642643,-0.18304713016426433,0.19197003625915224,-2.934450898884188,0.6323325679368889,-0.07261661566799715,0.40816326530612246,0.39938556067588327,
E0090,2026-10-03T02:25:07+00:00,4cd0ff42b942b267a492453f71c4eff1a00f7496,True,pipeline-test-synthetic-edge,H5_tod_drift,"{""window"": [18, 3], ""side"": -1}",dev+wf full-span,2021-01-01..2023-07-01,108fda0c3f5eaaf5dde135fb089020e046d30bcc3ca24342ab433e457ecd492f,57806f86fb350e37,0,ok,637,-1069.241986608129,-0.10692419866081293,0.12082972010333687,-1.66023615184423,0.7662344838650511,-0.03755591328043092,0.47566718995290425,0.46543778801843316,
E0091,2026-10-03T02:25:07+00:00,4cd0ff42b942b267a492453f71c4eff1a00f7496,True,pipeline-test-synthetic-edge,H5_tod_drift,"{""window"": [3, 8], ""side"": 1}",dev+wf full-span,2021-01-01..2023-07-01,108fda0c3f5eaaf5dde135fb089020e046d30bcc3ca24342ab433e457ecd492f,57806f86fb350e37,0,ok,637,2486.5740966950743,0.24865740966950733,0.009993444634805376,4.346225877583051,1.9787127816706735,0.07680372577280313,0.6043956043956044,0.5913978494623656,
E0092,2026-10-03T02:25:07+00:00,4cd0ff42b942b267a492453f71c4eff1a00f7496,True,pipeline-test-synthetic-edge,H5_tod_drift,"{""window"": [3, 8], ""side"": -1}",dev+wf full-span,2021-01-01..2023-07-01,108fda0c3f5eaaf5dde135fb089020e046d30bcc3ca24342ab433e457ecd492f,57806f86fb350e37,0,ok,637,-4087.5614261482206,-0.40875614261482207,0.41008952360205003,-10.5248151256111,0.18666875661442953,-0.18739860452037288,0.25902668759811615,0.2534562211981567,
E0093,2026-10-03T02:25:07+00:00,4cd0ff42b942b267a492453f71c4eff1a00f7496,True,pipeline-test-synthetic-edge,H5_tod_drift,"{""window"": [8, 12], ""side"": 1}",dev+wf full-span,2021-01-01..2023-07-01,108fda0c3f5eaaf5dde135fb089020e046d30bcc3ca24342ab433e457ecd492f,57806f86fb350e37,0,ok,637,-1632.5055538698707,-0.16325055538698707,0.1691438002313895,-4.1708781930967005,0.5160409253625569,-0.06177212113792195,0.40188383045525905,0.3932411674347158,
E0094,2026-10-03T02:25:07+00:00,4cd0ff42b942b267a492453f71c4eff1a00f7496,True,pipeline-test-synthetic-edge,H5_tod_drift,"{""window"": [8, 12], ""side"": -1}",dev+wf full-span,2021-01-01..2023-07-01,108fda0c3f5eaaf5dde135fb089020e046d30bcc3ca24342ab433e457ecd492f,57806f86fb350e37,0,ok,637,-1287.302035821098,-0.12873020358210974,0.1308935448431073,-3.2203946865049975,0.6024284132245377,-0.04867837468651375,0.40816326530612246,0.39938556067588327,
E0095,2026-10-03T02:25:07+00:00,4cd0ff42b942b267a492453f71c4eff1a00f7496,True,pipeline-test-synthetic-edge,H5_tod_drift,"{""window"": [12, 16], ""side"": 1}",dev+wf full-span,2021-01-01..2023-07-01,108fda0c3f5eaaf5dde135fb089020e046d30bcc3ca24342ab433e457ecd492f,57806f86fb350e37,0,ok,637,-1370.5682834070685,-0.13705682834070687,0.13961858442399983,-3.3808507513215016,0.5820453462050189,-0.05163430554745121,0.4411302982731554,0.43164362519201227,
E0096,2026-10-03T02:25:07+00:00,4cd0ff42b942b267a492453f71c4eff1a00f7496,True,pipeline-test-synthetic-edge,H5_tod_drift,"{""window"": [12, 16], ""side"": -1}",dev+wf full-span,2021-01-01..2023-07-01,108fda0c3f5eaaf5dde135fb089020e046d30bcc3ca24342ab433e457ecd492f,57806f86fb350e37,0,ok,637,-1557.5852836016802,-0.155758528360168,0.15818727062573631,-3.8743734794704383,0.551692336609106,-0.05909528107019453,0.4003139717425432,0.391705069124424,
E0097,2026-10-03T02:27:15+00:00,4cd0ff42b942b267a492453f71c4eff1a00f7496,True,pipeline-test-synthetic-edge,H5_tod_drift,"{""window"": [18, 3], ""side"": 1}",dev+wf full-span,2019-01-01..2023-07-01,615dfd6e605edc584376cda6fcf76b7d20efe1c51efb4e91b6e0dbd63e13f014,81f0239f8699f07f,0,ok,1160,-2540.8485365498873,-0.2540848536549887,0.26466398675863295,-2.4014087824476773,0.6844760291532246,-0.05733568118971625,0.4370689655172414,0.43185689948892675,
E0098,2026-10-03T02:27:15+00:00,4cd0ff42b942b267a492453f71c4eff1a00f7496,True,pipeline-test-synthetic-edge,H5_tod_drift,"{""window"": [18, 3], ""side"": -1}",dev+wf full-span,2019-01-01..2023-07-01,615dfd6e605edc584376cda6fcf76b7d20efe1c51efb4e91b6e0dbd63e13f014,81f0239f8699f07f,0,ok,1160,-2399.461480775243,-0.23994614807752435,0.24108291196331927,-2.2636871014033235,0.7011046588375178,-0.052244232843204674,0.4482758620689655,0.44293015332197616,
E0099,2026-10-03T02:27:15+00:00,4cd0ff42b942b267a492453f71c4eff1a00f7496,True,pipeline-test-synthetic-edge,H5_tod_drift,"{""window"": [3, 8], ""side"": 1}",dev+wf full-span,2019-01-01..2023-07-01,615dfd6e605edc584376cda6fcf76b7d20efe1c51efb4e91b6e0dbd63e13f014,81f0239f8699f07f,0,ok,1160,5510.960384376189,0.5510960384376189,0.009931620162033732,4.756943621738549,2.1136006884521032,0.08242064336015428,0.6146551724137931,0.6073253833049403,
E0100,2026-10-03T02:27:15+00:00,4cd0ff42b942b267a492453f71c4eff1a00f7496,True,pipeline-test-synthetic-edge,H5_tod_drift,"{""window"": [3, 8], ""side"": -1}",dev+wf full-span,2019-01-01..2023-07-01,615dfd6e605edc584376cda6fcf76b7d20efe1c51efb4e91b6e0dbd63e13f014,81f0239f8699f07f,0,ok,1160,-6164.417014678411,-0.6164417014678412,0.6173975572136491,-10.853487234140571,0.1774260331013683,-0.192567787721142,0.2508620689655172,0.24787052810902896,
E0101,2026-10-03T02:27:15+00:00,4cd0ff42b942b267a492453f71c4eff1a00f7496,True,pipeline-test-synthetic-edge,H5_tod_drift,"{""window"": [8, 12], ""side"": 1}",dev+wf full-span,2019-01-01..2023-07-01,615dfd6e605edc584376cda6fcf76b7d20efe1c51efb4e91b6e0dbd63e13f014,81f0239f8699f07f,0,ok,1160,-3007.750139907035,-0.3007750139907035,0.30161702376905253,-4.543001064630911,0.49303696563540256,-0.06868398093868636,0.3939655172413793,0.389267461669506,
E0102,2026-10-03T02:27:15+00:00,4cd0ff42b942b267a492453f71c4eff1a00f7496,True,pipeline-test-synthetic-edge,H5_tod_drift,"{""window"": [8, 12], ""side"": -1}",dev+wf full-span,2019-01-01..2023-07-01,615dfd6e605edc584376cda6fcf76b7d20efe1c51efb4e91b6e0dbd63e13f014,81f0239f8699f07f,0,ok,1160,-1916.9759945887745,-0.19169759945887743,0.20227827183481695,-2.685073300839597,0.6526580237696296,-0.04109727928273269,0.4224137931034483,0.41737649063032367,
E0103,2026-10-03T02:27:15+00:00,4cd0ff42b942b267a492453f71c4eff1a00f7496,True,pipeline-test-synthetic-edge,H5_tod_drift,"{""window"": [12, 16], ""side"": 1}",dev+wf full-span,2019-01-01..2023-07-01,615dfd6e605edc584376cda6fcf76b7d20efe1c51efb4e91b6e0dbd63e13f014,81f0239f8699f07f,0,ok,1160,-2200.2106147479517,-0.22002106147479517,0.2224679042974525,-3.228876843242442,0.5974112145391643,-0.048741963844102246,0.4353448275862069,0.4301533219761499,
E0104,2026-10-03T02:27:15+00:00,4cd0ff42b942b267a492453f71c4eff1a00f7496,True,pipeline-test-synthetic-edge,H5_tod_drift,"{""window"": [12, 16], ""side"": -1}",dev+wf full-span,2019-01-01..2023-07-01,615dfd6e605edc584376cda6fcf76b7d20efe1c51efb4e91b6e0dbd63e13f014,81f0239f8699f07f,0,ok,1160,-2700.1825243423345,-0.2700182524342335,0.274022380018369,-4.09451156963112,0.532252913359941,-0.06080908511134536,0.4025862068965517,0.3977853492333901,
E0105,2026-10-03T02:33:38+00:00,4cd0ff42b942b267a492453f71c4eff1a00f7496,True,pipeline-test-synthetic,H1_ny_orb,"{""range_min"": 10, ""stop_mode"": ""opposite"", ""rr"": 1.0}",dev+wf full-span,2019-01-01..2023-07-01,e65c4c41c121d79846e51548e1abd2ac71723ee1bd78b2f0ec082a6b8d19e641,81f0239f8699f07f,0,ok,1174,-8939.96960947239,-0.8939969609472389,0.8953404646250743,-7.812028744399745,0.3780376331346187,-0.398970342003304,0.4080068143100511,0.4080068143100511,
E0106,2026-10-03T02:33:38+00:00,4cd0ff42b942b267a492453f71c4eff1a00f7496,True,pipeline-test-synthetic,H1_ny_orb,"{""range_min"": 10, ""stop_mode"": ""opposite"", ""rr"": 2.0}",dev+wf full-span,2019-01-01..2023-07-01,e65c4c41c121d79846e51548e1abd2ac71723ee1bd78b2f0ec082a6b8d19e641,81f0239f8699f07f,0,ok,1174,-9061.353627854513,-0.9061353627854511,0.9064941254627834,-6.25704581001616,0.4544006162908743,-0.4254130224565781,0.2683134582623509,0.2683134582623509,
E0107,2026-10-03T02:33:38+00:00,4cd0ff42b942b267a492453f71c4eff1a00f7496,True,pipeline-test-synthetic,H1_ny_orb,"{""range_min"": 10, ""stop_mode"": ""opposite"", ""rr"": 0}",dev+wf full-span,2019-01-01..2023-07-01,e65c4c41c121d79846e51548e1abd2ac71723ee1bd78b2f0ec082a6b8d19e641,81f0239f8699f07f,0,ok,1174,-9429.965151066048,-0.9429965151066048,0.9429965151066048,-5.938482503048105,0.4129437802031969,-0.5173409609071064,0.16695059625212946,0.16695059625212946,
E0108,2026-10-03T02:33:38+00:00,4cd0ff42b942b267a492453f71c4eff1a00f7496,True,pipeline-test-synthetic,H1_ny_orb,"{""range_min"": 10, ""stop_mode"": ""mid"", ""rr"": 1.0}",dev+wf full-span,2019-01-01..2023-07-01,e65c4c41c121d79846e51548e1abd2ac71723ee1bd78b2f0ec082a6b8d19e641,81f0239f8699f07f,0,ok,1174,-9713.813879909614,-0.9713813879909614,0.9713813879909614,-14.922689585893757,0.15810219284100815,-0.6610916188791952,0.3091993185689949,0.3091993185689949,
E0109,2026-10-03T02:33:38+00:00,4cd0ff42b942b267a492453f71c4eff1a00f7496,True,pipeline-test-synthetic,H1_ny_orb,"{""range_min"": 10, ""stop_mode"": ""mid"", ""rr"": 2.0}",dev+wf full-span,2019-01-01..2023-07-01,e65c4c41c121d79846e51548e1abd2ac71723ee1bd78b2f0ec082a6b8d19e641,81f0239f8699f07f,0,ok,1169,-9786.674328903862,-0.9786674328903863,0.9787992099969357,-13.54156979543891,0.20470319994620598,-0.7312684845591183,0.1787852865697177,0.17802385008517888,
E0110,2026-10-03T02:33:38+00:00,4cd0ff42b942b267a492453f71c4eff1a00f7496,True,pipeline-test-synthetic,H1_ny_orb,"{""range_min"": 10, ""stop_mode"": ""mid"", ""rr"": 0}",dev+wf full-span,2019-01-01..2023-07-01,e65c4c41c121d79846e51548e1abd2ac71723ee1bd78b2f0ec082a6b8d19e641,81f0239f8699f07f,0,ok,1130,-9849.373934628567,-0.9849373934628568,0.9849373934628567,-9.941053134379976,0.18803933478577498,-0.8392536702756921,0.0618921308576481,0.059625212947189095,
E0111,2026-10-03T02:33:38+00:00,4cd0ff42b942b267a492453f71c4eff1a00f7496,True,pipeline-test-synthetic,H1_ny_orb,"{""range_min"": 30, ""stop_mode"": ""opposite"", ""rr"": 1.0}",dev+wf full-span,2019-01-01..2023-07-01,e65c4c41c121d79846e51548e1abd2ac71723ee1bd78b2f0ec082a6b8d19e641,81f0239f8699f07f,0,ok,1164,-7363.600192171803,-0.7363600192171803,0.736539492176798,-4.327551037197217,0.5858051348989061,-0.23590675825982382,0.46563573883161513,0.4616695059625213,
E0112,2026-10-03T02:33:38+00:00,4cd0ff42b942b267a492453f71c4eff1a00f7496,True,pipeline-test-synthetic,H1_ny_orb,"{""range_min"": 30, ""stop_mode"": ""opposite"", ""rr"": 2.0}",dev+wf full-span,2019-01-01..2023-07-01,e65c4c41c121d79846e51548e1abd2ac71723ee1bd78b2f0ec082a6b8d19e641,81f0239f8699f07f,0,ok,1164,-7362.201354603997,-0.7362201354603997,0.7384849202024255,-3.2719688500640056,0.6662265882654277,-0.23454030998990255,0.3384879725085911,0.33560477001703576,
E0113,2026-10-03T02:33:38+00:00,4cd0ff42b942b267a492453f71c4eff1a00f7496,True,pipeline-test-synthetic,H1_ny_orb,"{""range_min"": 30, ""stop_mode"": ""opposite"", ""rr"": 0}",dev+wf full-span,2019-01-01..2023-07-01,e65c4c41c121d79846e51548e1abd2ac71723ee1bd78b2f0ec082a6b8d19e641,81f0239f8699f07f,0,ok,1164,-8443.616382965773,-0.8443616382965772,0.8456271563158619,-4.270373764257647,0.5424382617960182,-0.33469729133415094,0.2864493996569468,0.28449744463373083,
E0114,2026-10-03T02:33:38+00:00,4cd0ff42b942b267a492453f71c4eff1a00f7496,True,pipeline-test-synthetic,H1_ny_orb,"{""range_min"": 30, ""stop_mode"": ""mid"", ""rr"": 1.0}",dev+wf full-span,2019-01-01..2023-07-01,e65c4c41c121d79846e51548e1abd2ac71723ee1bd78b2f0ec082a6b8d19e641,81f0239f8699f07f,0,ok,1164,-9154.102894341882,-0.9154102894341883,0.9154327181823398,-8.905385002556676,0.3317632902375585,-0.44268898633439524,0.4029209621993127,0.39948892674616693,
E0115,2026-10-03T02:33:38+00:00,4cd0ff42b942b267a492453f71c4eff1a00f7496,True,pipeline-test-synthetic,H1_ny_orb,"{""range_min"": 30, ""stop_mode"": ""mid"", ""rr"": 2.0}",dev+wf full-span,2019-01-01..2023-07-01,e65c4c41c121d79846e51548e1abd2ac71723ee1bd78b2f0ec082a6b8d19e641,81f0239f8699f07f,0,ok,1164,-9311.506070482788,-0.9311506070482789,0.9314531826015485,-7.422661776087167,0.4327198498832801,-0.48375068760568457,0.25687285223367695,0.25468483816013626,
E0116,2026-10-03T02:33:38+00:00,4cd0ff42b942b267a492453f71c4eff1a00f7496,True,pipeline-test-synthetic,H1_ny_orb,"{""range_min"": 30, ""stop_mode"": ""mid"", ""rr"": 0}",dev+wf full-span,2019-01-01..2023-07-01,e65c4c41c121d79846e51548e1abd2ac71723ee1bd78b2f0ec082a6b8d19e641,81f0239f8699f07f,0,ok,1163,-9623.492898991983,-0.9623492898991983,0.9623865658677602,-6.857774495371826,0.3679384082897304,-0.6085977486173023,0.13402061855670103,0.13287904599659284,
E0117,2026-10-03T02:33:38+00:00,4cd0ff42b942b267a492453f71c4eff1a00f7496,True,pipeline-test-synthetic,H1_ny_orb,"{""range_min"": 60, ""stop_mode"": ""opposite"", ""rr"": 1.0}",dev+wf full-span,2019-01-01..2023-07-01,e65c4c41c121d79846e51548e1abd2ac71723ee1bd78b2f0ec082a6b8d19e641,81f0239f8699f07f,0,ok,1101,-6501.445375922751,-0.6501445375922751,0.6511406431720798,-3.541636907404623,0.6233835424223845,-0.19727922146442156,0.4629963898916967,0.43696763202725725,
E0118,2026-10-03T02:33:38+00:00,4cd0ff42b942b267a492453f71c4eff1a00f7496,True,pipeline-test-synthetic,H1_ny_orb,"{""range_min"": 60, ""stop_mode"": ""opposite"", ""rr"": 2.0}",dev+wf full-span,2019-01-01..2023-07-01,e65c4c41c121d79846e51548e1abd2ac71723ee1bd78b2f0ec082a6b8d19e641,81f0239f8699f07f,0,ok,1101,-7345.83905230496,-0.734583905230496,0.7398819514980298,-3.8006955397468087,0.5805830982200934,-0.24857338772058032,0.3583556747095621,0.3415672913117547,
E0119,2026-10-03T02:33:38+00:00,4cd0ff42b942b267a492453f71c4eff1a00f7496,True,pipeline-test-synthetic,H1_ny_orb,"{""range_min"": 60, ""stop_mode"": ""opposite"", ""rr"": 0}",dev+wf full-span,2019-01-01..2023-07-01,e65c4c41c121d79846e51548e1abd2ac71723ee1bd78b2f0ec082a6b8d19e641,81f0239f8699f07f,0,ok,1101,-7730.8985111698685,-0.7730898511169868,0.7782122155014403,-4.196111811120738,0.5462747978536282,-0.2817017860945538,0.3383525243578388,0.32538330494037476,
E0120,2026-10-03T02:33:38+00:00,4cd0ff42b942b267a492453f71c4eff1a00f7496,True,pipeline-test-synthetic,H1_ny_orb,"{""range_min"": 60, ""stop_mode"": ""mid"", ""rr"": 1.0}",dev+wf full-span,2019-01-01..2023-07-01,e65c4c41c121d79846e51548e1abd2ac71723ee1bd78b2f0ec082a6b8d19e641,81f0239f8699f07f,0,ok,1101,-8734.060248372265,-0.8734060248372264,0.8734060248372265,-7.284948965150703,0.4088917816560226,-0.3923182572248857,0.40599455040871935,0.3807495741056218,
E0121,2026-10-03T02:33:38+00:00,4cd0ff42b942b267a492453f71c4eff1a00f7496,True,pipeline-test-synthetic,H1_ny_orb,"{""range_min"": 60, ""stop_mode"": ""mid"", ""rr"": 2.0}",dev+wf full-span,2019-01-01..2023-07-01,e65c4c41c121d79846e51548e1abd2ac71723ee1bd78b2f0ec082a6b8d19e641,81f0239f8699f07f,0,ok,1101,-9088.092831702475,-0.9088092831702477,0.9088092831702476,-6.664354939284184,0.4308886318768641,-0.4607240925660822,0.25045372050816694,0.23509369676320271,
E0122,2026-10-03T02:33:38+00:00,4cd0ff42b942b267a492453f71c4eff1a00f7496,True,pipeline-test-synthetic,H1_ny_orb,"{""range_min"": 60, ""stop_mode"": ""mid"", ""rr"": 0}",dev+wf full-span,2019-01-01..2023-07-01,e65c4c41c121d79846e51548e1abd2ac71723ee1bd78b2f0ec082a6b8d19e641,81f0239f8699f07f,0,ok,1101,-9403.277978702337,-0.9403277978702337,0.9420315117068205,-6.751056490968147,0.37804955313217187,-0.5521189397211288,0.17446043165467626,0.16524701873935263,
E0123,2026-10-03T02:34:19+00:00,4cd0ff42b942b267a492453f71c4eff1a00f7496,True,pipeline-test-synthetic,H2_ldn_asia_bo,"{""buffer"": 0.0, ""stop_mode"": ""opposite"", ""rr"": 1.0}",dev+wf full-span,2019-01-01..2023-07-01,e65c4c41c121d79846e51548e1abd2ac71723ee1bd78b2f0ec082a6b8d19e641,81f0239f8699f07f,0,ok,744,-2179.8814269084087,-0.21798814269084088,0.23323451725744324,-1.1686412611561023,0.8151085937133933,-0.07004445812240258,0.44110854503464203,0.32538330494037476,
E0124,2026-10-03T02:34:19+00:00,4cd0ff42b942b267a492453f71c4eff1a00f7496,True,pipeline-test-synthetic,H2_ldn_asia_bo,"{""buffer"": 0.0, ""stop_mode"": ""opposite"", ""rr"": 2.0}",dev+wf full-span,2019-01-01..2023-07-01,e65c4c41c121d79846e51548e1abd2ac71723ee1bd78b2f0ec082a6b8d19e641,81f0239f8699f07f,0,ok,744,-2694.3768843194703,-0.26943768843194704,0.2877037279819283,-1.3684542533548059,0.7746370522777656,-0.08782709571292943,0.40238611713665945,0.31601362862010224,
E0125,2026-10-03T02:34:19+00:00,4cd0ff42b942b267a492453f71c4eff1a00f7496,True,pipeline-test-synthetic,H2_ldn_asia_bo,"{""buffer"": 0.0, ""stop_mode"": ""opposite"", ""rr"": 0}",dev+wf full-span,2019-01-01..2023-07-01,e65c4c41c121d79846e51548e1abd2ac71723ee1bd78b2f0ec082a6b8d19e641,81f0239f8699f07f,0,ok,744,-2914.2884489312746,-0.2914288448931275,0.32123636882359974,-1.5075568045324503,0.7517599248198552,-0.09610444421867677,0.3952991452991453,0.3151618398637138,
E0126,2026-10-03T02:34:19+00:00,4cd0ff42b942b267a492453f71c4eff1a00f7496,True,pipeline-test-synthetic,H2_ldn_asia_bo,"{""buffer"": 0.0, ""stop_mode"": ""mid"", ""rr"": 1.0}",dev+wf full-span,2019-01-01..2023-07-01,e65c4c41c121d79846e51548e1abd2ac71723ee1bd78b2f0ec082a6b8d19e641,81f0239f8699f07f,0,ok,744,-4280.698992912956,-0.4280698992912956,0.4360354711518859,-2.192493053755075,0.7001613793767418,-0.15403976615198342,0.46437994722955145,0.29982964224872233,
E0127,2026-10-03T02:34:19+00:00,4cd0ff42b942b267a492453f71c4eff1a00f7496,True,pipeline-test-synthetic,H2_ldn_asia_bo,"{""buffer"": 0.0, ""stop_mode"": ""mid"", ""rr"": 2.0}",dev+wf full-span,2019-01-01..2023-07-01,e65c4c41c121d79846e51548e1abd2ac71723ee1bd78b2f0ec082a6b8d19e641,81f0239f8699f07f,0,ok,744,-4020.7750761745992,-0.40207750761746,0.4147448547556674,-1.567328806377767,0.7617949617805815,-0.14049818797823163,0.3552795031055901,0.24361158432708688,
E0128,2026-10-03T02:34:19+00:00,4cd0ff42b942b267a492453f71c4eff1a00f7496,True,pipeline-test-synthetic,H2_ldn_asia_bo,"{""buffer"": 0.0, ""stop_mode"": ""mid"", ""rr"": 0}",dev+wf full-span,2019-01-01..2023-07-01,e65c4c41c121d79846e51548e1abd2ac71723ee1bd78b2f0ec082a6b8d19e641,81f0239f8699f07f,0,ok,744,-5097.196221216074,-0.5097196221216074,0.5310198130434807,-2.020358930660861,0.6826032081992048,-0.19477860515413625,0.3134502923976608,0.2282793867120954,
E0129,2026-10-03T02:34:19+00:00,4cd0ff42b942b267a492453f71c4eff1a00f7496,True,pipeline-test-synthetic,H2_ldn_asia_bo,"{""buffer"": 0.1, ""stop_mode"": ""opposite"", ""rr"": 1.0}",dev+wf full-span,2019-01-01..2023-07-01,e65c4c41c121d79846e51548e1abd2ac71723ee1bd78b2f0ec082a6b8d19e641,81f0239f8699f07f,0,ok,542,-1786.1198589343094,-0.17861198589343097,0.2037454675363712,-1.1653164889651253,0.7797314039628029,-0.07315775118159426,0.423728813559322,0.2555366269165247,
E0130,2026-10-03T02:34:19+00:00,4cd0ff42b942b267a492453f71c4eff1a00f7496,True,pipeline-test-synthetic,H2_ldn_asia_bo,"{""buffer"": 0.1, ""stop_mode"": ""opposite"", ""rr"": 2.0}",dev+wf full-span,2019-01-01..2023-07-01,e65c4c41c121d79846e51548e1abd2ac71723ee1bd78b2f0ec082a6b8d19e641,81f0239f8699f07f,0,ok,542,-1922.4635073351246,-0.19224635073351248,0.22890458635639963,-1.1697625435526293,0.7676856641373311,-0.08200843949292924,0.3907894736842105,0.25298126064735943,
E0131,2026-10-03T02:34:19+00:00,4cd0ff42b942b267a492453f71c4eff1a00f7496,True,pipeline-test-synthetic,H2_ldn_asia_bo,"{""buffer"": 0.1, ""stop_mode"": ""opposite"", ""rr"": 0}",dev+wf full-span,2019-01-01..2023-07-01,e65c4c41c121d79846e51548e1abd2ac71723ee1bd78b2f0ec082a6b8d19e641,81f0239f8699f07f,0,ok,542,-1998.8121567094404,-0.19988121567094408,0.24653888971832982,-1.2193927859982778,0.75578695161543,-0.08644938798299566,0.39378238341968913,0.25894378194207834,
E0132,2026-10-03T02:34:19+00:00,4cd0ff42b942b267a492453f71c4eff1a00f7496,True,pipeline-test-synthetic,H2_ldn_asia_bo,"{""buffer"": 0.1, ""stop_mode"": ""mid"", ""rr"": 1.0}",dev+wf full-span,2019-01-01..2023-07-01,e65c4c41c121d79846e51548e1abd2ac71723ee1bd78b2f0ec082a6b8d19e641,81f0239f8699f07f,0,ok,542,-2585.2759310033935,-0.25852759310033935,0.29485663416736796,-1.3863380607737044,0.7588013996049883,-0.11182764206928783,0.47668393782383417,0.23509369676320271,
E0133,2026-10-03T02:34:19+00:00,4cd0ff42b942b267a492453f71c4eff1a00f7496,True,pipeline-test-synthetic,H2_ldn_asia_bo,"{""buffer"": 0.1, ""stop_mode"": ""mid"", ""rr"": 2.0}",dev+wf full-span,2019-01-01..2023-07-01,e65c4c41c121d79846e51548e1abd2ac71723ee1bd78b2f0ec082a6b8d19e641,81f0239f8699f07f,0,ok,542,-2942.925129182011,-0.29429251291820113,0.3254062484380445,-1.3222993901748947,0.7579564325627214,-0.12975030811608593,0.3782542113323124,0.21039182282793867,
E0134,2026-10-03T02:34:19+00:00,4cd0ff42b942b267a492453f71c4eff1a00f7496,True,pipeline-test-synthetic,H2_ldn_asia_bo,"{""buffer"": 0.1, ""stop_mode"": ""mid"", ""rr"": 0}",dev+wf full-span,2019-01-01..2023-07-01,e65c4c41c121d79846e51548e1abd2ac71723ee1bd78b2f0ec082a6b8d19e641,81f0239f8699f07f,0,ok,542,-3546.9529756699076,-0.3546952975669908,0.4070598375788506,-1.5905448584575053,0.694985547188971,-0.16520926179467108,0.3511560693641618,0.206984667802385,
E0135,2026-10-03T02:35:13+00:00,4cd0ff42b942b267a492453f71c4eff1a00f7496,True,pipeline-test-synthetic,H3_intraday_mom,"{""decision"": 600, ""k"": 0.0, ""stop_atr"": 0.5}",dev+wf full-span,2019-01-01..2023-07-01,e65c4c41c121d79846e51548e1abd2ac71723ee1bd78b2f0ec082a6b8d19e641,81f0239f8699f07f,0,ok,1153,-4886.495640938807,-0.4886495640938807,0.49188243813430965,-3.1223621405194892,0.6175620126013988,-0.12552334095751463,0.4241110147441457,0.41652470187393525,
E0136,2026-10-03T02:35:13+00:00,4cd0ff42b942b267a492453f71c4eff1a00f7496,True,pipeline-test-synthetic,H3_intraday_mom,"{""decision"": 600, ""k"": 0.0, ""stop_atr"": 1.0}",dev+wf full-span,2019-01-01..2023-07-01,e65c4c41c121d79846e51548e1abd2ac71723ee1bd78b2f0ec082a6b8d19e641,81f0239f8699f07f,0,ok,1153,-2748.7268789629743,-0.2748726878962975,0.2772287762760511,-3.004031455742812,0.6242100273186679,-0.06252208533776957,0.42237640936686904,0.4148211243611584,
E0137,2026-10-03T02:35:13+00:00,4cd0ff42b942b267a492453f71c4eff1a00f7496,True,pipeline-test-synthetic,H3_intraday_mom,"{""decision"": 600, ""k"": 0.25, ""stop_atr"": 0.5}",dev+wf full-span,2019-01-01..2023-07-01,e65c4c41c121d79846e51548e1abd2ac71723ee1bd78b2f0ec082a6b8d19e641,81f0239f8699f07f,0,ok,902,-4166.73483979913,-0.416673483979913,0.42078359837378154,-2.823853446084396,0.6047728180817745,-0.12666052589351354,0.3908918406072106,0.35093696763202725,
E0138,2026-10-03T02:35:13+00:00,4cd0ff42b942b267a492453f71c4eff1a00f7496,True,pipeline-test-synthetic,H3_intraday_mom,"{""decision"": 600, ""k"": 0.25, ""stop_atr"": 1.0}",dev+wf full-span,2019-01-01..2023-07-01,e65c4c41c121d79846e51548e1abd2ac71723ee1bd78b2f0ec082a6b8d19e641,81f0239f8699f07f,0,ok,902,-2218.489142764928,-0.22184891427649278,0.2280894503432738,-2.6334162870019893,0.6220029858905548,-0.06338731071063435,0.3901098901098901,0.3628620102214651,
E0139,2026-10-03T02:35:13+00:00,4cd0ff42b942b267a492453f71c4eff1a00f7496,True,pipeline-test-synthetic,H3_intraday_mom,"{""decision"": 600, ""k"": 0.5, ""stop_atr"": 0.5}",dev+wf full-span,2019-01-01..2023-07-01,e65c4c41c121d79846e51548e1abd2ac71723ee1bd78b2f0ec082a6b8d19e641,81f0239f8699f07f,0,ok,666,-3166.5794322865095,-0.31665794322865093,0.3282894101314923,-2.3306636139244836,0.6136076524789863,-0.12201608406691873,0.37388392857142855,0.28534923339011925,
E0140,2026-10-03T02:35:13+00:00,4cd0ff42b942b267a492453f71c4eff1a00f7496,True,pipeline-test-synthetic,H3_intraday_mom,"{""decision"": 600, ""k"": 0.5, ""stop_atr"": 1.0}",dev+wf full-span,2019-01-01..2023-07-01,e65c4c41c121d79846e51548e1abd2ac71723ee1bd78b2f0ec082a6b8d19e641,81f0239f8699f07f,0,ok,666,-1766.760807361854,-0.17667608073618535,0.1884328758569802,-2.342056918797246,0.607295412341495,-0.06369646827750491,0.3724867724867725,0.29982964224872233,
E0141,2026-10-03T02:35:13+00:00,4cd0ff42b942b267a492453f71c4eff1a00f7496,True,pipeline-test-synthetic,H3_intraday_mom,"{""decision"": 720, ""k"": 0.0, ""stop_atr"": 0.5}",dev+wf full-span,2019-01-01..2023-07-01,e65c4c41c121d79846e51548e1abd2ac71723ee1bd78b2f0ec082a6b8d19e641,81f0239f8699f07f,0,ok,1153,-4854.466561061777,-0.48544665610617765,0.490736052717754,-3.5769277584934245,0.57012462934251,-0.12276153876772633,0.41023417172593235,0.4028960817717206,
E0142,2026-10-03T02:35:13+00:00,4cd0ff42b942b267a492453f71c4eff1a00f7496,True,pipeline-test-synthetic,H3_intraday_mom,"{""decision"": 720, ""k"": 0.0, ""stop_atr"": 1.0}",dev+wf full-span,2019-01-01..2023-07-01,e65c4c41c121d79846e51548e1abd2ac71723ee1bd78b2f0ec082a6b8d19e641,81f0239f8699f07f,0,ok,1153,-2656.709644151556,-0.2656709644151556,0.2700212886610716,-3.404180746682021,0.58517909772093,-0.059687418655946886,0.41023417172593235,0.4028960817717206,
E0143,2026-10-03T02:35:13+00:00,4cd0ff42b942b267a492453f71c4eff1a00f7496,True,pipeline-test-synthetic,H3_intraday_mom,"{""decision"": 720, ""k"": 0.25, ""stop_atr"": 0.5}",dev+wf full-span,2019-01-01..2023-07-01,e65c4c41c121d79846e51548e1abd2ac71723ee1bd78b2f0ec082a6b8d19e641,81f0239f8699f07f,0,ok,908,-3950.7007970419045,-0.3950700797041905,0.40288401069166546,-3.0076554364673846,0.5829110231951367,-0.11686126138556768,0.3914656771799629,0.3594548551959114,
E0144,2026-10-03T02:35:13+00:00,4cd0ff42b942b267a492453f71c4eff1a00f7496,True,pipeline-test-synthetic,H3_intraday_mom,"{""decision"": 720, ""k"": 0.25, ""stop_atr"": 1.0}",dev+wf full-span,2019-01-01..2023-07-01,e65c4c41c121d79846e51548e1abd2ac71723ee1bd78b2f0ec082a6b8d19e641,81f0239f8699f07f,0,ok,908,-2072.994149991049,-0.20729941499910487,0.21684730051497672,-2.825702438930349,0.6011482747365078,-0.05770912550617095,0.3903548680618744,0.36541737649063033,
E0145,2026-10-03T02:35:13+00:00,4cd0ff42b942b267a492453f71c4eff1a00f7496,True,pipeline-test-synthetic,H3_intraday_mom,"{""decision"": 720, ""k"": 0.5, ""stop_atr"": 0.5}",dev+wf full-span,2019-01-01..2023-07-01,e65c4c41c121d79846e51548e1abd2ac71723ee1bd78b2f0ec082a6b8d19e641,81f0239f8699f07f,0,ok,669,-3286.4126007502055,-0.3286412600750206,0.3369870278817858,-2.7920321301373647,0.5597044117936089,-0.12596713289131972,0.3769230769230769,0.2921635434412266,
E0146,2026-10-03T02:35:13+00:00,4cd0ff42b942b267a492453f71c4eff1a00f7496,True,pipeline-test-synthetic,H3_intraday_mom,"{""decision"": 720, ""k"": 0.5, ""stop_atr"": 1.0}",dev+wf full-span,2019-01-01..2023-07-01,e65c4c41c121d79846e51548e1abd2ac71723ee1bd78b2f0ec082a6b8d19e641,81f0239f8699f07f,0,ok,669,-1757.2577444154413,-0.17572577444154414,0.1826031413590418,-2.742429770458695,0.5615875713449009,-0.06271252764470965,0.3679745493107105,0.29557069846678025,
E0147,2026-10-03T02:35:51+00:00,4cd0ff42b942b267a492453f71c4eff1a00f7496,True,pipeline-test-synthetic,H4_asia_mr,"{""lookback"": 30, ""z"": 2.0, ""stop_sd"": 2.0}",dev+wf full-span,2019-01-01..2023-07-01,e65c4c41c121d79846e51548e1abd2ac71723ee1bd78b2f0ec082a6b8d19e641,81f0239f8699f07f,0,ok,1310,-9900.240802022348,-0.990024080202235,0.9900240802022349,-8.05396183676597,0.09955630901661912,-0.7892350271248999,0.0078125,0.0017035775127768314,
E0148,2026-10-03T02:35:51+00:00,4cd0ff42b942b267a492453f71c4eff1a00f7496,True,pipeline-test-synthetic,H4_asia_mr,"{""lookback"": 30, ""z"": 2.0, ""stop_sd"": 3.0}",dev+wf full-span,2019-01-01..2023-07-01,e65c4c41c121d79846e51548e1abd2ac71723ee1bd78b2f0ec082a6b8d19e641,81f0239f8699f07f,0,ok,1805,-9900.405988213543,-0.9900405988213542,0.9900405988213542,-8.869542238279893,0.19941010232878026,-0.5722316593810234,0.03380281690140845,0.010221465076660987,
E0149,2026-10-03T02:35:51+00:00,4cd0ff42b942b267a492453f71c4eff1a00f7496,True,pipeline-test-synthetic,H4_asia_mr,"{""lookback"": 30, ""z"": 2.5, ""stop_sd"": 2.0}",dev+wf full-span,2019-01-01..2023-07-01,e65c4c41c121d79846e51548e1abd2ac71723ee1bd78b2f0ec082a6b8d19e641,81f0239f8699f07f,0,ok,1248,-9900.001389861096,-0.9900001389861096,0.9900001389861096,-7.974458822344583,0.10216161409213345,-0.8239117208831397,0.011494252873563218,0.002555366269165247,
E0150,2026-10-03T02:35:51+00:00,4cd0ff42b942b267a492453f71c4eff1a00f7496,True,pipeline-test-synthetic,H4_asia_mr,"{""lookback"": 30, ""z"": 2.5, ""stop_sd"": 3.0}",dev+wf full-span,2019-01-01..2023-07-01,e65c4c41c121d79846e51548e1abd2ac71723ee1bd78b2f0ec082a6b8d19e641,81f0239f8699f07f,0,ok,1677,-9898.23964402665,-0.9898239644026648,0.9898331787095138,-8.924448464673045,0.17038885514730942,-0.617406616633786,0.03591160220994475,0.011073253833049404,
E0151,2026-10-03T02:35:51+00:00,4cd0ff42b942b267a492453f71c4eff1a00f7496,True,pipeline-test-synthetic,H4_asia_mr,"{""lookback"": 30, ""z"": 3.0, ""stop_sd"": 2.0}",dev+wf full-span,2019-01-01..2023-07-01,e65c4c41c121d79846e51548e1abd2ac71723ee1bd78b2f0ec082a6b8d19e641,81f0239f8699f07f,0,ok,1237,-9900.468909420451,-0.9900468909420452,0.9900468909420451,-9.597377117094398,0.0995630940076511,-0.8314325069655832,0.06278026905829596,0.02385008517887564,
E0152,2026-10-03T02:35:51+00:00,4cd0ff42b942b267a492453f71c4eff1a00f7496,True,pipeline-test-synthetic,H4_asia_mr,"{""lookback"": 30, ""z"": 3.0, ""stop_sd"": 3.0}",dev+wf full-span,2019-01-01..2023-07-01,e65c4c41c121d79846e51548e1abd2ac71723ee1bd78b2f0ec082a6b8d19e641,81f0239f8699f07f,0,ok,1618,-9883.177118272568,-0.9883177118272568,0.9883392346415715,-10.65125761606747,0.16651949918692494,-0.6235587414602537,0.13543307086614173,0.07325383304940375,
E0153,2026-10-03T02:35:51+00:00,4cd0ff42b942b267a492453f71c4eff1a00f7496,True,pipeline-test-synthetic,H4_asia_mr,"{""lookback"": 60, ""z"": 2.0, ""stop_sd"": 2.0}",dev+wf full-span,2019-01-01..2023-07-01,e65c4c41c121d79846e51548e1abd2ac71723ee1bd78b2f0ec082a6b8d19e641,81f0239f8699f07f,0,ok,1603,-9900.039653194732,-0.9900039653194732,0.9900039653194732,-8.479576985983586,0.198777866943383,-0.6417758172699328,0.032467532467532464,0.008517887563884156,
E0154,2026-10-03T02:35:51+00:00,4cd0ff42b942b267a492453f71c4eff1a00f7496,True,pipeline-test-synthetic,H4_asia_mr,"{""lookback"": 60, ""z"": 2.0, ""stop_sd"": 3.0}",dev+wf full-span,2019-01-01..2023-07-01,e65c4c41c121d79846e51548e1abd2ac71723ee1bd78b2f0ec082a6b8d19e641,81f0239f8699f07f,0,ok,2214,-9873.64248896487,-0.987364248896487,0.987364248896487,-9.228555228337823,0.2883130482660747,-0.4478118255447073,0.09932279909706546,0.03747870528109029,
E0155,2026-10-03T02:35:51+00:00,4cd0ff42b942b267a492453f71c4eff1a00f7496,True,pipeline-test-synthetic,H4_asia_mr,"{""lookback"": 60, ""z"": 2.5, ""stop_sd"": 2.0}",dev+wf full-span,2019-01-01..2023-07-01,e65c4c41c121d79846e51548e1abd2ac71723ee1bd78b2f0ec082a6b8d19e641,81f0239f8699f07f,0,ok,1531,-9896.577836275424,-0.9896577836275424,0.9896825496843595,-8.511350071761719,0.1818372790122805,-0.6712762148872014,0.04105571847507331,0.01192504258943782,
E0156,2026-10-03T02:35:51+00:00,4cd0ff42b942b267a492453f71c4eff1a00f7496,True,pipeline-test-synthetic,H4_asia_mr,"{""lookback"": 60, ""z"": 2.5, ""stop_sd"": 3.0}",dev+wf full-span,2019-01-01..2023-07-01,e65c4c41c121d79846e51548e1abd2ac71723ee1bd78b2f0ec082a6b8d19e641,81f0239f8699f07f,0,ok,2011,-9864.118329829691,-0.9864118329829692,0.9864278771937518,-9.291475405429551,0.2519137586024362,-0.47987195089697404,0.12244897959183673,0.05110732538330494,
E0157,2026-10-03T02:35:51+00:00,4cd0ff42b942b267a492453f71c4eff1a00f7496,True,pipeline-test-synthetic,H4_asia_mr,"{""lookback"": 60, ""z"": 3.0, ""stop_sd"": 2.0}",dev+wf full-span,2019-01-01..2023-07-01,e65c4c41c121d79846e51548e1abd2ac71723ee1bd78b2f0ec082a6b8d19e641,81f0239f8699f07f,0,ok,1390,-9888.545525008863,-0.9888545525008864,0.9889044111595467,-9.686192408417584,0.16019743788222215,-0.7254601060408129,0.12614259597806216,0.05877342419080068,
E0158,2026-10-03T02:35:51+00:00,4cd0ff42b942b267a492453f71c4eff1a00f7496,True,pipeline-test-synthetic,H4_asia_mr,"{""lookback"": 60, ""z"": 3.0, ""stop_sd"": 3.0}",dev+wf full-span,2019-01-01..2023-07-01,e65c4c41c121d79846e51548e1abd2ac71723ee1bd78b2f0ec082a6b8d19e641,81f0239f8699f07f,0,ok,1832,-9838.961718915527,-0.9838961718915527,0.984008887490061,-10.515752321194055,0.22939567146410142,-0.5076698261177598,0.20122699386503068,0.13969335604770017,
E0159,2026-10-03T02:36:23+00:00,4cd0ff42b942b267a492453f71c4eff1a00f7496,True,pipeline-test-synthetic,H5_tod_drift,"{""window"": [18, 3], ""side"": 1}",dev+wf full-span,2019-01-01..2023-07-01,e65c4c41c121d79846e51548e1abd2ac71723ee1bd78b2f0ec082a6b8d19e641,81f0239f8699f07f,0,ok,1160,-2547.532973002195,-0.25475329730021945,0.2646814516126345,-2.353700499188728,0.68930907664497,-0.057917965217145706,0.4370689655172414,0.43185689948892675,
E0160,2026-10-03T02:36:23+00:00,4cd0ff42b942b267a492453f71c4eff1a00f7496,True,pipeline-test-synthetic,H5_tod_drift,"{""window"": [18, 3], ""side"": -1}",dev+wf full-span,2019-01-01..2023-07-01,e65c4c41c121d79846e51548e1abd2ac71723ee1bd78b2f0ec082a6b8d19e641,81f0239f8699f07f,0,ok,1160,-2466.567517341209,-0.24665675173412094,0.24808665704273056,-2.2827276318072225,0.6996188367224638,-0.05370958278859896,0.4482758620689655,0.44293015332197616,
E0161,2026-10-03T02:36:23+00:00,4cd0ff42b942b267a492453f71c4eff1a00f7496,True,pipeline-test-synthetic,H5_tod_drift,"{""window"": [3, 8], ""side"": 1}",dev+wf full-span,2019-01-01..2023-07-01,e65c4c41c121d79846e51548e1abd2ac71723ee1bd78b2f0ec082a6b8d19e641,81f0239f8699f07f,0,ok,1160,-2114.5399371187414,-0.21145399371187412,0.21496753064680965,-2.579100337416759,0.6638292098022519,-0.04468302630335401,0.4413793103448276,0.43611584327086883,
E0162,2026-10-03T02:36:23+00:00,4cd0ff42b942b267a492453f71c4eff1a00f7496,True,pipeline-test-synthetic,H5_tod_drift,"{""window"": [3, 8], ""side"": -1}",dev+wf full-span,2019-01-01..2023-07-01,e65c4c41c121d79846e51548e1abd2ac71723ee1bd78b2f0ec082a6b8d19e641,81f0239f8699f07f,0,ok,1160,-2936.517394786616,-0.29365173947866163,0.29702342673700355,-3.780968503999242,0.5555450353219592,-0.06711562425319588,0.4051724137931034,0.40034071550255534,
E0163,2026-10-03T02:36:23+00:00,4cd0ff42b942b267a492453f71c4eff1a00f7496,True,pipeline-test-synthetic,H5_tod_drift,"{""window"": [8, 12], ""side"": 1}",dev+wf full-span,2019-01-01..2023-07-01,e65c4c41c121d79846e51548e1abd2ac71723ee1bd78b2f0ec082a6b8d19e641,81f0239f8699f07f,0,ok,1160,-3031.9567409184538,-0.30319567409184534,0.3040349012893696,-4.46148193461792,0.4995150262411847,-0.06974192959607764,0.3939655172413793,0.389267461669506,
E0164,2026-10-03T02:36:23+00:00,4cd0ff42b942b267a492453f71c4eff1a00f7496,True,pipeline-test-synthetic,H5_tod_drift,"{""window"": [8, 12], ""side"": -1}",dev+wf full-span,2019-01-01..2023-07-01,e65c4c41c121d79846e51548e1abd2ac71723ee1bd78b2f0ec082a6b8d19e641,81f0239f8699f07f,0,ok,1160,-1969.060727392436,-0.19690607273924365,0.20696207811056833,-2.697127811246354,0.6502610116767574,-0.04213017472465853,0.4224137931034483,0.41737649063032367,
E0165,2026-10-03T02:36:23+00:00,4cd0ff42b942b267a492453f71c4eff1a00f7496,True,pipeline-test-synthetic,H5_tod_drift,"{""window"": [12, 16], ""side"": 1}",dev+wf full-span,2019-01-01..2023-07-01,e65c4c41c121d79846e51548e1abd2ac71723ee1bd78b2f0ec082a6b8d19e641,81f0239f8699f07f,0,ok,1160,-2293.136800960936,-0.22931368009609354,0.23174264857338947,-3.292532622379343,0.590463658715472,-0.04980284268911043,0.4353448275862069,0.4301533219761499,
E0166,2026-10-03T02:36:23+00:00,4cd0ff42b942b267a492453f71c4eff1a00f7496,True,pipeline-test-synthetic,H5_tod_drift,"{""window"": [12, 16], ""side"": -1}",dev+wf full-span,2019-01-01..2023-07-01,e65c4c41c121d79846e51548e1abd2ac71723ee1bd78b2f0ec082a6b8d19e641,81f0239f8699f07f,0,ok,1160,-2727.896674366365,-0.27278966743663646,0.27682257729457577,-4.0604809024529285,0.535764889940316,-0.06167670409031166,0.4025862068965517,0.3977853492333901,
