combo,inv,sl,exit,IS_n,IS_R,IS_PF,IS_sqn,VAL_n,VAL_R,VAL_PF,VAL_sqn,kind,dec,score
"MAJ[('D1', 'stoch5_KD', True)|('M15', 'HMAcross5_10', True)|('M30', 'HMAcross50_200', False)]",False,2xATR_H4,TR1,529,82.45141719188541,1.4621000350071771,3.0402817204600723,272,43.0374453116674,1.4571638762479677,2.1142734833376986,MAJ,19,2.9485231844795585
"BOTH[('M15', 'HMAcross5_10', True)|('M30', 'MACD5_35_hslope', True)]",False,2xATR_H4,TR1_TP3,559,79.27444356167689,1.4043999879332285,3.057866988807707,294,41.50305182999,1.390857580197138,2.074635814130931,BOTH,19,2.860711814131602
"MAJ[('M5', 'HMAcross5_20', True)|('M15', 'MACD12_26_hslope', True)|('M30', 'HMAcross20_100', False)]",False,1xATR_D1,TR1_TP3,426,72.23034554254264,1.52953191357783,3.2281782263990775,218,29.72030071541667,1.3943982888428192,1.7911196932869902,MAJ,19,2.503808801285347
"ALL[('M15', 'MACD12_26_hslope', True)|('M5', 'RSI5_zone80', True)|('M30', 'px_vs_HMA5', True)]",False,1xATR_D1,TR1_TP3,414,65.29641254741,1.4680748805037043,2.900669607875595,212,24.738636389374733,1.3373296677899984,1.5379975171424098,ALL,19,2.149254647209333
"MAJ[('D1', 'stoch5_KD', True)|('M5', 'HMAcross5_10', True)|('H1', 'aroon14', False)]",False,2xATR_H4,TR1,537,69.83375426568091,1.3842298706753433,2.846044509103849,292,27.738657420966774,1.26338366783991,1.4878616089016636,MAJ,19,2.01770771690432
"ALL[('H1', 'MACD5_35_hslope', True)|('M30', 'MACD5_35_hslope', True)|('M15', 'px_vs_HMA50', True)]",False,2xATR_H4,TR1_TP3,560,76.52516148984432,1.3936768719306611,2.9247706819997465,299,27.895407245494425,1.2533961735792052,1.447163068770297,ALL,19,1.9805047586935167
"AGREE_else_fadeHTF[('D1', 'stoch5_KD', True)|('M5', 'RSI5_zone80', True)|('H1', 'stoch14_zone', True)]",True,2xATR_H1,TP2,1082,139.0,1.2059259259259258,2.907756832555297,573,48.0,1.1311475409836065,1.3914627295612267,AGREE_else_fadeHTF,19,1.9120880954799975
"ALL[('H1', 'MACD3_10_hslope', True)|('M30', 'MACD5_35_hslope', True)|('M15', 'px_vs_HMA50', True)]",False,2xATR_H4,TR1_TP3,560,75.17778938263655,1.3813356291715637,2.862436220686449,300,26.825847301632166,1.241873818659278,1.390512519872525,ALL,19,1.8998017774112241
"MAJ[('H4', 'HMAcross10_50', True)|('H1', 'MACD5_35_hslope', True)|('M30', 'HMAcross20_100', False)]",False,2xATR_H4,TP1.5,372,68.0,1.346938775510204,2.824593818797206,214,26.0,1.2203389830508475,1.429432347527574,MAJ,19,1.884639065386171
"MAJ[('H4', 'stoch5_KD', False)|('H1', 'MACD5_35_hslope', True)|('M30', 'HMAcross20_100', False)]",False,3xATR_H1,TP1.5,580,90.0,1.2884615384615385,2.998277346972515,333,32.0,1.1711229946524064,1.4136270772174104,MAJ,19,1.8656352345026381
"MAJ[('D1', 'stoch5_KD', True)|('M15', 'MACD12_26_hslope', True)|('M30', 'HMAcross50_200', False)]",False,2xATR_H4,TR1,531,83.8021892523393,1.4657429786775131,3.1465149219485964,282,25.087255209917203,1.2407152601436238,1.310094474111437,MAJ,19,1.7977335406070842
"ALL[('H1', 'MACD5_35_hslope', True)|('M15', 'HMAcross5_10', True)|('M30', 'MACD5_35_hslope', True)]",False,2xATR_H4,TR1_TP3,556,79.5192847806029,1.4172849533927236,3.0559291959696107,286,22.91507175564766,1.211338372217631,1.2022107474959802,ALL,19,1.6762353119932751
"AGREE_else_fadeHTF[('H4', 'MACD5_35_hist', True)|('H1', 'HMAcross50_200', True)|('M30', 'px_vs_HMA5', True)]",False,2xATR_H4,TP1,608,72.0,1.2686567164179106,2.9406777452493396,315,21.0,1.1428571428571428,1.1858541225631425,AGREE_else_fadeHTF,19,1.6475089420958282
"MAJ[('H1', 'MACD3_10_hslope', True)|('H4', 'stoch5_KD', False)|('M30', 'HMAcross20_100', False)]",False,3xATR_H1,TP1.5,576,99.0,1.3235294117647058,3.306464256929589,342,28.0,1.1443298969072164,1.2223606283384203,MAJ,19,1.5863446261068033
"MAJ[('M5', 'HMAcross5_20', True)|('D1', 'stoch50_KD', True)|('M30', 'px_vs_HMA5', True)]",False,1xATR_D1,TR1_TP3,415,65.71507449052297,1.4885847105441075,3.0261154617895816,218,18.928453953005373,1.2226622150485114,1.1474215238267884,MAJ,19,1.5831380746701256
"AGREE_else_fadeHTF[('D1', 'stoch5_KD', True)|('H1', 'stoch14_zone', True)|('M15', 'px_vs_HMA50', True)]",True,2xATR_H1,TP2,1036,143.0,1.2223950233281493,3.0520588172636747,602,40.0,1.1030927835051547,1.135309397586054,AGREE_else_fadeHTF,19,1.4893468967450243
"MAJ[('M5', 'HMAcross5_10', True)|('D1', 'stoch50_KD', True)|('M30', 'px_vs_HMA5', True)]",False,1xATR_D1,TR1_TP3,416,65.61663295823382,1.4810492684487533,2.953304135448229,220,17.51898953411728,1.2099346918517522,1.07407741440646,MAJ,19,1.47696739905154
"MAJ[('M5', 'HMAcross5_20', True)|('D1', 'stoch50_KD', True)|('M30', 'px_vs_HMA5', True)]",False,1xATR_D1,TR1,391,63.20573358586989,1.494420791791739,2.9167350640790657,206,18.57238309085369,1.234983817892497,1.0429609535614957,MAJ,19,1.4368876700150044
"MAJ[('H4', 'stoch5_KD', False)|('M30', 'px_vs_HMA5', True)|('M15', 'SMAcross50_200', True)]",False,3xATR_H1,TP1.5,593,89.5,1.2796875,2.949538440951739,324,23.5,1.127027027027027,1.0551327285507883,MAJ,19,1.4274533887780603
"ALL[('M5', 'HMAcross5_20', True)|('M30', 'px_vs_HMA5', True)|('M15', 'px_vs_HMA50', True)]",False,1xATR_D1,TR1,388,70.32029134064214,1.538630194406603,3.0119962256392507,201,15.67250474402681,1.2171306316132233,0.9515303478657436,ALL,19,1.32202746663289
"MAJ[('M15', 'MACD12_26_hslope', True)|('M5', 'psar0.04', True)|('M30', 'HMAcross20_100', False)]",False,2xATR_H4,TR1,532,73.48253684537485,1.424921480674674,2.921104367440828,291,17.09416501247324,1.1634384820482329,0.9624326201795798,MAJ,19,1.3013066704881966
"MAJ[('H4', 'stoch5_KD', False)|('M15', 'MACD12_26_hslope', True)|('M30', 'HMAcross20_100', False)]",False,3xATR_H1,TP1.5,616,86.5,1.2582089552238807,2.798922616326616,341,21.5,1.1096938775510203,0.942027549646374,MAJ,19,1.2661255433903922
"MAJ[('H4', 'MACD5_35_hist', True)|('M15', 'HMAcross5_10', True)|('M30', 'HMAcross50_200', False)]",False,3xATR_H1,TR1,891,103.02756951173797,1.3306722295902038,3.020461295908034,522,22.889419756229472,1.1226727514046808,0.9614290521902337,MAJ,19,1.2560902423183373
"MAJ[('M5', 'HMAcross5_20', True)|('H4', 'MACD5_35_hist', True)|('M30', 'px_vs_HMA5', True)]",False,1xATR_D1,TR1_TP3,421,73.58017981238663,1.5193062929042185,3.20290721060614,235,14.562668031081557,1.1662767836904337,0.8872537869691979,MAJ,19,1.1875584069466798
"MAJ[('H4', 'MACD3_10_hist', True)|('M5', 'HMAcross5_20', True)|('M30', 'px_vs_HMA5', True)]",False,1xATR_D1,TR1,393,68.5474987225607,1.5219194081644112,2.9350861724456707,219,13.681970085017383,1.1708114841279478,0.8450296451351452,MAJ,19,1.1319993117500997
"MAJ[('M15', 'HMAcross5_10', True)|('M5', 'psar0.04', True)|('M30', 'HMAcross20_100', False)]",False,2xATR_H4,TR1_TP3,561,73.86110368138179,1.3866092959105834,2.887414663017588,309,15.64413375291042,1.1337517725086501,0.8188516042540148,MAJ,19,1.1033350000943207
"AGREE_else_fadeHTF[('M5', 'HMAcross5_20', True)|('M15', 'MACD12_26_hslope', True)|('H1', 'stoch14_zone', True)]",False,1xATR_D1,TR1_TP3,432,61.996970389038324,1.4342166482341248,2.79614579463872,226,12.361061172559857,1.1507086927777583,0.7773968514196095,AGREE_else_fadeHTF,19,1.0748068637081478
"MAJ[('H4', 'stoch5_KD', False)|('M5', 'RSI5_zone80', True)|('D1', 'px_vs_HMA10', True)]",False,3xATR_H1,TR1,889,94.10934983065818,1.2973965376061931,2.823981989325675,490,18.661922995099303,1.1045200767154995,0.7904337854965754,MAJ,19,1.0646781357716564
"PROD[('H1', 'MACD5_35_hslope', True)|('M15', 'HMAcross5_10', True)]",False,2xATR_H4,TR1_TP3,557,73.83132287319313,1.4200726595486406,3.0823604126450586,317,15.316831319127232,1.1258218864435137,0.7810017467861929,PROD,19,1.035261281220624
"MAJ[('H4', 'stoch5_KD', False)|('M5', 'HMAcross5_20', True)|('D1', 'px_vs_HMA10', True)]",False,1xATR_D1,TP1,435,63.0,1.3387096774193548,3.0528048051572156,225,11.0,1.102803738317757,0.7342112860595522,MAJ,19,1.0208793648856338
"MAJ[('H4', 'stoch5_KD', False)|('M5', 'RSI5_zone80', True)|('D1', 'px_vs_HMA10', True)]",False,3xATR_H1,TR1_TP3,941,103.60867172048893,1.313325750914355,3.176009002864262,515,17.451250167894614,1.0916452707405548,0.7516243236976909,MAJ,19,1.0159960588368104
"AGREE_else_fadeHTF[('D1', 'stoch5_KD', True)|('H1', 'stoch14_zone', True)|('M15', 'linreg10', True)]",True,2xATR_H4,TR1_TP3,557,79.29579550866038,1.4336988418384573,3.1556821143437706,310,14.179475202225149,1.1193665805799071,0.7536290525000214,AGREE_else_fadeHTF,19,1.0101930653322255
"AGREE_else_fadeHTF[('M15', 'HMAcross5_10', True)|('M5', 'psar0.04', True)|('M30', 'SMAcross20_100', True)]",False,2xATR_H4,TR1_TP3,579,73.61248499061912,1.3649834500393385,2.790690552043021,313,14.114413291448727,1.1184634573470733,0.738645032543511,AGREE_else_fadeHTF,19,1.0046224861107542
"MAJ[('H4', 'stoch5_KD', False)|('M15', 'MACD12_26_hslope', True)|('M30', 'HMAcross50_200', False)]",False,3xATR_H1,TP2,426,93.0,1.3675889328063242,3.0583218056852197,244,17.0,1.10828025477707,0.7573787700329752,MAJ,19,1.0007440431842514
"MAJ[('D1', 'stoch5_KD', True)|('M5', 'px_vs_HMA10', True)|('H1', 'aroon14', False)]",False,2xATR_H4,TR1,520,79.960890466813,1.4530352958987793,3.079693919983926,303,14.405121378134936,1.1277829128596966,0.7594325063798494,MAJ,19,0.9948773420725617
"AGREE_else_fadeHTF[('D1', 'px_vs_SMA5', True)|('M15', 'HMAcross5_10', True)|('M30', 'SMAcross20_100', True)]",False,2xATR_H4,TR1_TP3,558,87.66925245663151,1.4730939371389402,3.390837060807989,324,14.146702057681978,1.1195694261400009,0.7570668668528936,AGREE_else_fadeHTF,19,0.9935250784588558
"ALL[('D1', 'stoch5_KD', True)|('M5', 'RSI5_zone80', True)|('M15', 'px_vs_HMA50', True)]",False,3xATR_H1,TR1,689,83.82438627677038,1.3523246235931428,2.866435295500773,398,16.716628819704056,1.1086897784935208,0.7389335130335651,ALL,19,0.9722398963314042
"MAJ[('D1', 'stoch5_KD', True)|('H1', 'aroon14', False)|('M15', 'linreg10', True)]",False,2xATR_H4,TR1,518,78.0141194537864,1.460534765347455,3.100612641598408,291,13.283969223499298,1.122381052983813,0.7034485611044797,MAJ,19,0.938535557486849
"MAJ[('D1', 'stoch14_KD', True)|('M5', 'HMAcross5_20', True)|('H1', 'aroon14', False)]",False,2xATR_H4,TR1,521,73.55490581924096,1.4241002458765586,2.9764325189302343,301,13.235277365893126,1.1181202157829044,0.7055604850389304,MAJ,19,0.9282604861657896
"ALL[('D1', 'stoch5_KD', True)|('M30', 'HMAcross50_200', False)|('M5', 'RSI5_zone80', True)]",False,3xATR_H1,TR1,480,70.9431772591197,1.4547494667921805,2.9056536713161956,273,12.307133414084092,1.1212285673574922,0.6751369865097765,ALL,19,0.8952229269211543
"MAJ[('D1', 'stoch14_KD', True)|('M5', 'HMAcross5_20', True)|('H1', 'aroon14', False)]",False,2xATR_H4,TR1_TP3,555,73.53203513519838,1.38930249856726,2.915392308898787,322,12.154231544351205,1.0996723465929366,0.6477610654823759,MAJ,19,0.8504198649993752
"MAJ[('H1', 'MACD3_10_hslope', True)|('H4', 'stoch5_KD', False)|('M30', 'HMAcross50_200', False)]",False,2xATR_H1,TP2,1047,150.0,1.2314814814814814,3.1817744815996982,619,23.0,1.05679012345679,0.6479142138284634,MAJ,19,0.8426466990870655
"ALL[('D1', 'stoch5_KD', True)|('M30', 'HMAcross50_200', False)|('H1', 'HMAcross50_200', True)]",False,3xATR_H1,TR1_TP3,521,72.46820153901353,1.4218706588746524,2.95158759661798,311,11.293996511027217,1.0993516079193582,0.6343985386269695,ALL,19,0.8211090541873182
"MAJ[('H4', 'MACD3_10_hist', True)|('M5', 'HMAcross5_20', True)|('M30', 'px_vs_HMA5', True)]",False,1xATR_D1,TR1_TP3,417,81.78337686974555,1.5843425409499432,3.4959132070461605,238,10.052671341691166,1.1134246880458936,0.6153487192321366,MAJ,19,0.814518307130005
"ALL[('D1', 'stoch5_KD', True)|('H4', 'MACD12_26_hist', True)|('M30', 'HMAcross50_200', False)]",False,2xATR_H1,TP2,494,91.0,1.3043478260869565,2.7920983515107154,291,15.0,1.0793650793650793,0.6143070661247667,ALL,19,0.800391542320868
"AGREE_else_fadeHTF[('M15', 'HMAcross5_10', True)|('H1', 'HMAcross50_200', True)|('D1', 'stoch50_KD', True)]",False,2xATR_H4,TR1_TP3,579,74.94502809969708,1.3636307311484668,2.7950749109472905,319,10.671198155730963,1.089510395899957,0.5796101501213713,AGREE_else_fadeHTF,19,0.7808721296338953
"MAJ[('D1', 'stoch14_KD', True)|('H4', 'MACD5_35_hist', True)|('H1', 'HMAcross50_200', True)]",False,1xATR_D1,TR1,394,66.26498944871128,1.5034061379295927,2.8773513052643973,214,9.963285872712731,1.1227196992713104,0.5722963883761332,MAJ,19,0.7765371356233594
"MAJ[('M15', 'HMAcross5_10', True)|('M5', 'psar0.04', True)|('M30', 'HMAcross20_100', False)]",False,2xATR_H4,TR1,520,74.10649998584995,1.415722375352382,2.8421531609078983,298,11.326426534447819,1.0994428903372946,0.5818799838728682,MAJ,19,0.7686470379100284
"ALL[('D1', 'stoch5_KD', True)|('M30', 'HMAcross50_200', False)|('M5', 'RSI5_zone80', True)]",False,3xATR_H1,TR1_TP3,489,69.63472552463645,1.4390136931710822,2.9685192334817123,284,9.699996795738116,1.0933675943084917,0.5631567342409858,ALL,19,0.7389661437096688
"MAJ[('D1', 'stoch14_KD', True)|('M30', 'px_vs_HMA5', True)|('M15', 'linreg10', True)]",False,2xATR_H4,TR1,518,76.79896348994225,1.4474852100827353,2.8987912847553967,304,11.411349891452119,1.0978962854899337,0.5644194145049999,MAJ,19,0.7367667735431561
"MAJ[('D1', 'stoch5_KD', True)|('M15', 'px_vs_HMA50', True)|('H1', 'aroon14', False)]",False,2xATR_H4,TR1,527,76.11431287514279,1.4290364775953688,2.942933788379478,291,10.043742895592004,1.0923704793499138,0.5449200589021778,MAJ,19,0.7333167550524092
"AGREE_else_fadeHTF[('D1', 'px_vs_SMA5', True)|('H4', 'stoch5_KD', False)|('M15', 'SMAcross50_200', True)]",False,2xATR_H4,TP1.5,377,83.0,1.4300518134715026,3.4207488749556356,227,10.5,1.0795454545454546,0.5650845725753618,AGREE_else_fadeHTF,19,0.7282344120210708
"AGREE_else_fadeHTF[('D1', 'px_vs_SMA5', True)|('H4', 'stoch5_KD', False)|('M30', 'SMAcross20_100', True)]",False,2xATR_H4,TP1.5,371,81.5,1.4289473684210525,3.3860117976987736,227,10.5,1.0795454545454546,0.5650845725753618,AGREE_else_fadeHTF,19,0.7224162009978146
"BOTH[('D1', 'stoch5_KD', True)|('M30', 'HMAcross50_200', False)]",False,2xATR_H1,TP2,664,110.0,1.270935960591133,2.919326034687272,373,14.0,1.0573770491803278,0.5080090258915824,BOTH,19,0.6777992006486417
"ALL[('D1', 'stoch5_KD', True)|('M30', 'HMAcross50_200', False)|('M5', 'HMAcross5_10', True)]",False,2xATR_H1,TP2,637,110.0,1.2835051546391754,2.977320654554834,367,14.0,1.0583333333333333,0.5120735356568363,ALL,19,0.6746352286583208
"MAJ[('H1', 'MACD3_10_hslope', True)|('D1', 'stoch5_KD', True)|('H4', 'stoch5_KD', False)]",False,2xATR_H4,TR1,524,73.17415837012231,1.4149575022475867,2.810194727637478,300,9.798194346018136,1.0856991170566723,0.5011936504981281,MAJ,19,0.6623851333300773
"MAJ[('H4', 'HMAcross10_50', True)|('H1', 'stoch14_zone', True)|('M30', 'HMAcross20_100', False)]",False,1xATR_D1,TP1,432,58.0,1.3101604278074865,2.8160218863554753,221,7.0,1.0654205607476634,0.471107335603351,MAJ,19,0.6586665418701958
"MAJ[('H4', 'stoch5_KD', False)|('H1', 'HMAcross50_200', True)|('M30', 'px_vs_HMA5', True)]",False,2xATR_H4,TP1,630,74.0,1.2661870503597121,2.9687817328172206,314,8.0,1.0522875816993464,0.4516127161476639,MAJ,19,0.6396930210072014
"ALL[('D1', 'stoch14_KD', True)|('M30', 'HMAcross50_200', False)|('M5', 'RSI5_zone80', True)]",False,3xATR_H1,TR1,494,75.75250030285679,1.4676608263920934,2.897187004346415,285,9.062233527423814,1.0844272270843265,0.4817361253433131,ALL,19,0.6342350802859823
"MAJ[('M15', 'HMAcross5_10', True)|('M30', 'HMAcross50_200', False)|('M5', 'psar0.04', True)]",False,2xATR_H4,TR1,523,79.23744556499878,1.4530210551380955,2.9336172697116534,307,9.133451220113784,1.0760977424789755,0.44846781612574044,MAJ,19,0.5853463821503012
"BOTH[('M5', 'psar0.04', True)|('M30', 'px_vs_HMA5', True)]",False,1xATR_D1,TR1_TP3,416,72.39955193083733,1.5193553848311454,3.1854461800234652,224,6.3519098637625575,1.0739827870423764,0.40833599834422996,BOTH,19,0.5564681659575513
"BOTH[('M30', 'MACD5_35_hslope', True)|('M15', 'px_vs_HMA50', True)]",False,2xATR_H4,TR1_TP3,571,77.95722947554896,1.3964718944843406,3.0124205093546705,322,7.878991898149252,1.0629353498315754,0.4098682700246826,BOTH,19,0.5458011130137739
"MAJ[('M15', 'HMAcross5_10', True)|('M5', 'RSI5_zone80', True)|('M30', 'px_vs_HMA5', True)]",False,2xATR_H4,TR1,518,77.92877248465811,1.434043039153211,2.9119944409650915,296,8.444689394440502,1.071987817424476,0.40966200935831293,MAJ,19,0.5419318991765555
"ALL[('M15', 'HMAcross5_10', True)|('M5', 'psar0.04', True)|('M30', 'px_vs_HMA5', True)]",False,1xATR_D1,TR1_TP3,416,64.0994604146108,1.4531664526028014,2.859979379581389,223,6.07237037550658,1.0719120922701886,0.39433593808369005,ALL,19,0.5385928607775726
"AGREE_else_fadeHTF[('M15', 'HMAcross5_10', True)|('M5', 'psar0.04', True)|('H1', 'stoch14_zone', True)]",False,2xATR_H4,TR1_TP3,574,76.43423416884616,1.382533541382893,2.886273715231126,315,7.429167958674952,1.0607370987859726,0.3909253820168276,AGREE_else_fadeHTF,19,0.5277090455294093
"ALL[('D1', 'stoch5_KD', True)|('M30', 'HMAcross50_200', False)|('M5', 'RSI5_zone80', True)]",False,2xATR_H4,TR1_TP3,333,54.36409146664664,1.5360546284907344,2.847541024970246,185,5.279663706285646,1.0779463150651685,0.3804149054495584,ALL,19,0.5103801529436207
"MAJ[('M15', 'HMAcross5_10', True)|('H1', 'HMAcross50_200', True)|('M5', 'psar0.04', True)]",False,2xATR_H4,TR1,526,75.14802423591027,1.4142317942691045,2.813427421764773,314,7.744658919516951,1.0643604229284507,0.3856761368469913,MAJ,19,0.49917268948238164
"AGREE_else_fadeHTF[('D1', 'stoch5_KD', True)|('H1', 'stoch14_zone', True)|('M15', 'px_vs_HMA50', True)]",True,2xATR_H4,TR1_TP3,552,71.31888408958912,1.3832928163927827,2.8503359289374957,316,6.216121012344956,1.0509695950785345,0.3356328216454366,AGREE_else_fadeHTF,19,0.4435988602053518
"MAJ[('H4', 'MACD3_10_hist', True)|('M5', 'HMAcross5_20', True)|('H1', 'aroon14', False)]",False,1xATR_D1,TR1_TP3,427,63.74967214599019,1.4504826541879445,2.8191539507604695,235,4.732422488741577,1.053100587215379,0.29705945334627704,MAJ,19,0.40042702810746816
