name,spec,score,IS_n,IS_totR,IS_PF,IS_green_days,IS_R_day,IS_maxDD,IS_green_months,VAL_n,VAL_totR,VAL_PF,VAL_green_days,VAL_R_day,VAL_maxDD,VAL_green_months,long_share
"MAJ[('D1', 'stoch5_KD', True)|('M15', 'HMAcross5_10', True)|('M30', 'HMAcross50_200', False)] SL=2xATR_H4 TR1","{""combo"": ""MAJ[('D1', 'stoch5_KD', True)|('M15', 'HMAcross5_10', True)|('M30', 'HMAcross50_200', False)]"", ""inv"": false, ""sl"": ""2xATR_H4"", ""exit"": ""TR1""}",2.9485231844795585,528,82.4,1.46,47.5,0.208,-9.7,75.0,270,43.2,1.46,46.5,0.214,-9.1,66.7,0.5
"BOTH[('M15', 'HMAcross5_10', True)|('M30', 'MACD5_35_hslope', True)] SL=2xATR_H4 TR1_TP3","{""combo"": ""BOTH[('M15', 'HMAcross5_10', True)|('M30', 'MACD5_35_hslope', True)]"", ""inv"": false, ""sl"": ""2xATR_H4"", ""exit"": ""TR1_TP3""}",2.860711814131602,558,77.6,1.4,48.9,0.191,-9.0,77.8,293,40.2,1.38,46.1,0.195,-13.6,66.7,0.51
"MAJ[('M5', 'HMAcross5_20', True)|('M15', 'MACD12_26_hslope', True)|('M30', 'HMAcross20_100', False)] SL=1xATR_D1 TR1_TP3","{""combo"": ""MAJ[('M5', 'HMAcross5_20', True)|('M15', 'MACD12_26_hslope', True)|('M30', 'HMAcross20_100', False)]"", ""inv"": false, ""sl"": ""1xATR_D1"", ""exit"": ""TR1_TP3""}",2.503808801285347,425,72.9,1.54,48.2,0.216,-9.7,66.7,217,30.3,1.4,47.0,0.185,-10.2,66.7,0.55
"ALL[('M15', 'MACD12_26_hslope', True)|('M5', 'RSI5_zone80', True)|('M30', 'px_vs_HMA5', True)] SL=1xATR_D1 TR1_TP3","{""combo"": ""ALL[('M15', 'MACD12_26_hslope', True)|('M5', 'RSI5_zone80', True)|('M30', 'px_vs_HMA5', True)]"", ""inv"": false, ""sl"": ""1xATR_D1"", ""exit"": ""TR1_TP3""}",2.149254647209333,413,64.5,1.46,45.9,0.188,-11.2,63.9,211,25.9,1.35,43.0,0.157,-7.6,66.7,0.54
"MAJ[('D1', 'stoch5_KD', True)|('M5', 'HMAcross5_10', True)|('H1', 'aroon14', False)] SL=2xATR_H4 TR1","{""combo"": ""MAJ[('D1', 'stoch5_KD', True)|('M5', 'HMAcross5_10', True)|('H1', 'aroon14', False)]"", ""inv"": false, ""sl"": ""2xATR_H4"", ""exit"": ""TR1""}",2.01770771690432,536,70.1,1.39,48.3,0.172,-9.8,72.2,291,28.3,1.27,43.5,0.132,-21.8,66.7,0.5
"ALL[('H1', 'MACD5_35_hslope', True)|('M30', 'MACD5_35_hslope', True)|('M15', 'px_vs_HMA50', True)] SL=2xATR_H4 TR1_TP3","{""combo"": ""ALL[('H1', 'MACD5_35_hslope', True)|('M30', 'MACD5_35_hslope', True)|('M15', 'px_vs_HMA50', True)]"", ""inv"": false, ""sl"": ""2xATR_H4"", ""exit"": ""TR1_TP3""}",1.9805047586935167,559,77.2,1.4,44.7,0.183,-13.4,66.7,299,27.4,1.25,42.3,0.127,-14.7,72.2,0.52
"AGREE_else_fadeHTF[('D1', 'stoch5_KD', True)|('M5', 'RSI5_zone80', True)|('H1', 'stoch14_zone', True)]~inv SL=2xATR_H1 TP2","{""combo"": ""AGREE_else_fadeHTF[('D1', 'stoch5_KD', True)|('M5', 'RSI5_zone80', True)|('H1', 'stoch14_zone', True)]"", ""inv"": true, ""sl"": ""2xATR_H1"", ""exit"": ""TP2""}",1.9120880954799975,1081,140.0,1.21,51.9,0.267,-27.0,77.8,569,43.0,1.12,49.0,0.163,-17.0,55.6,0.54
"ALL[('H1', 'MACD3_10_hslope', True)|('M30', 'MACD5_35_hslope', True)|('M15', 'px_vs_HMA50', True)] SL=2xATR_H4 TR1_TP3","{""combo"": ""ALL[('H1', 'MACD3_10_hslope', True)|('M30', 'MACD5_35_hslope', True)|('M15', 'px_vs_HMA50', True)]"", ""inv"": false, ""sl"": ""2xATR_H4"", ""exit"": ""TR1_TP3""}",1.8998017774112241,559,75.8,1.39,44.4,0.181,-13.9,66.7,300,26.3,1.24,41.2,0.122,-14.7,72.2,0.53
"MAJ[('H4', 'HMAcross10_50', True)|('H1', 'MACD5_35_hslope', True)|('M30', 'HMAcross20_100', False)] SL=2xATR_H4 TP1.5","{""combo"": ""MAJ[('H4', 'HMAcross10_50', True)|('H1', 'MACD5_35_hslope', True)|('M30', 'HMAcross20_100', False)]"", ""inv"": false, ""sl"": ""2xATR_H4"", ""exit"": ""TP1.5""}",1.884639065386171,371,66.5,1.34,55.3,0.234,-12.0,77.8,216,26.5,1.22,52.1,0.161,-11.5,66.7,0.49
"MAJ[('H4', 'stoch5_KD', False)|('H1', 'MACD5_35_hslope', True)|('M30', 'HMAcross20_100', False)] SL=3xATR_H1 TP1.5","{""combo"": ""MAJ[('H4', 'stoch5_KD', False)|('H1', 'MACD5_35_hslope', True)|('M30', 'HMAcross20_100', False)]"", ""inv"": false, ""sl"": ""3xATR_H1"", ""exit"": ""TP1.5""}",1.8656352345026381,579,91.0,1.29,54.8,0.252,-21.5,72.2,335,35.0,1.19,53.1,0.164,-18.0,72.2,0.5
"MAJ[('D1', 'stoch5_KD', True)|('M15', 'MACD12_26_hslope', True)|('M30', 'HMAcross50_200', False)] SL=2xATR_H4 TR1","{""combo"": ""MAJ[('D1', 'stoch5_KD', True)|('M15', 'MACD12_26_hslope', True)|('M30', 'HMAcross50_200', False)]"", ""inv"": false, ""sl"": ""2xATR_H4"", ""exit"": ""TR1""}",1.7977335406070842,530,83.7,1.47,48.4,0.21,-12.5,77.8,281,25.3,1.24,41.7,0.124,-12.8,61.1,0.48
"ALL[('H1', 'MACD5_35_hslope', True)|('M15', 'HMAcross5_10', True)|('M30', 'MACD5_35_hslope', True)] SL=2xATR_H4 TR1_TP3","{""combo"": ""ALL[('H1', 'MACD5_35_hslope', True)|('M15', 'HMAcross5_10', True)|('M30', 'MACD5_35_hslope', True)]"", ""inv"": false, ""sl"": ""2xATR_H4"", ""exit"": ""TR1_TP3""}",1.6762353119932751,555,78.6,1.41,46.3,0.188,-6.7,66.7,285,24.5,1.23,42.9,0.119,-8.8,55.6,0.52
"AGREE_else_fadeHTF[('H4', 'MACD5_35_hist', True)|('H1', 'HMAcross50_200', True)|('M30', 'px_vs_HMA5', True)] SL=2xATR_H4 TP1","{""combo"": ""AGREE_else_fadeHTF[('H4', 'MACD5_35_hist', True)|('H1', 'HMAcross50_200', True)|('M30', 'px_vs_HMA5', True)]"", ""inv"": false, ""sl"": ""2xATR_H4"", ""exit"": ""TP1""}",1.6475089420958282,607,71.0,1.26,55.4,0.176,-17.0,63.9,315,21.0,1.14,53.5,0.097,-13.0,55.6,0.5
"MAJ[('H1', 'MACD3_10_hslope', True)|('H4', 'stoch5_KD', False)|('M30', 'HMAcross20_100', False)] SL=3xATR_H1 TP1.5","{""combo"": ""MAJ[('H1', 'MACD3_10_hslope', True)|('H4', 'stoch5_KD', False)|('M30', 'HMAcross20_100', False)]"", ""inv"": false, ""sl"": ""3xATR_H1"", ""exit"": ""TP1.5""}",1.5863446261068033,575,100.0,1.33,55.4,0.279,-21.5,72.2,344,31.0,1.16,52.3,0.142,-18.0,72.2,0.5
"MAJ[('M5', 'HMAcross5_20', True)|('D1', 'stoch50_KD', True)|('M30', 'px_vs_HMA5', True)] SL=1xATR_D1 TR1_TP3","{""combo"": ""MAJ[('M5', 'HMAcross5_20', True)|('D1', 'stoch50_KD', True)|('M30', 'px_vs_HMA5', True)]"", ""inv"": false, ""sl"": ""1xATR_D1"", ""exit"": ""TR1_TP3""}",1.5831380746701256,414,66.4,1.5,48.6,0.199,-12.6,72.2,217,19.8,1.24,41.1,0.113,-8.5,77.8,0.5
"AGREE_else_fadeHTF[('D1', 'stoch5_KD', True)|('H1', 'stoch14_zone', True)|('M15', 'px_vs_HMA50', True)]~inv SL=2xATR_H1 TP2","{""combo"": ""AGREE_else_fadeHTF[('D1', 'stoch5_KD', True)|('H1', 'stoch14_zone', True)|('M15', 'px_vs_HMA50', True)]"", ""inv"": true, ""sl"": ""2xATR_H1"", ""exit"": ""TP2""}",1.4893468967450243,1035,144.0,1.22,51.6,0.296,-26.0,66.7,601,38.0,1.1,48.2,0.136,-33.0,66.7,0.54
"MAJ[('M5', 'HMAcross5_10', True)|('D1', 'stoch50_KD', True)|('M30', 'px_vs_HMA5', True)] SL=1xATR_D1 TR1_TP3","{""combo"": ""MAJ[('M5', 'HMAcross5_10', True)|('D1', 'stoch50_KD', True)|('M30', 'px_vs_HMA5', True)]"", ""inv"": false, ""sl"": ""1xATR_D1"", ""exit"": ""TR1_TP3""}",1.47696739905154,415,66.3,1.49,46.9,0.196,-9.1,77.8,219,16.5,1.2,41.6,0.096,-11.9,66.7,0.46
"MAJ[('M5', 'HMAcross5_20', True)|('D1', 'stoch50_KD', True)|('M30', 'px_vs_HMA5', True)] SL=1xATR_D1 TR1","{""combo"": ""MAJ[('M5', 'HMAcross5_20', True)|('D1', 'stoch50_KD', True)|('M30', 'px_vs_HMA5', True)]"", ""inv"": false, ""sl"": ""1xATR_D1"", ""exit"": ""TR1""}",1.4368876700150044,390,63.9,1.5,49.5,0.203,-12.6,69.4,205,19.4,1.25,41.2,0.118,-7.3,66.7,0.51
"MAJ[('H4', 'stoch5_KD', False)|('M30', 'px_vs_HMA5', True)|('M15', 'SMAcross50_200', True)] SL=3xATR_H1 TP1.5","{""combo"": ""MAJ[('H4', 'stoch5_KD', False)|('M30', 'px_vs_HMA5', True)|('M15', 'SMAcross50_200', True)]"", ""inv"": false, ""sl"": ""3xATR_H1"", ""exit"": ""TP1.5""}",1.4274533887780603,592,90.5,1.28,54.4,0.24,-15.5,75.0,323,22.0,1.12,51.0,0.106,-21.0,61.1,0.47
"ALL[('M5', 'HMAcross5_20', True)|('M30', 'px_vs_HMA5', True)|('M15', 'px_vs_HMA50', True)] SL=1xATR_D1 TR1","{""combo"": ""ALL[('M5', 'HMAcross5_20', True)|('M30', 'px_vs_HMA5', True)|('M15', 'px_vs_HMA50', True)]"", ""inv"": false, ""sl"": ""1xATR_D1"", ""exit"": ""TR1""}",1.32202746663289,387,71.0,1.55,49.4,0.225,-8.6,72.2,200,15.5,1.21,41.5,0.094,-12.6,55.6,0.51
"MAJ[('M15', 'MACD12_26_hslope', True)|('M5', 'psar0.04', True)|('M30', 'HMAcross20_100', False)] SL=2xATR_H4 TR1","{""combo"": ""MAJ[('M15', 'MACD12_26_hslope', True)|('M5', 'psar0.04', True)|('M30', 'HMAcross20_100', False)]"", ""inv"": false, ""sl"": ""2xATR_H4"", ""exit"": ""TR1""}",1.3013066704881966,531,73.4,1.42,47.4,0.183,-10.1,61.1,290,17.7,1.17,42.7,0.084,-19.0,61.1,0.46
"MAJ[('H4', 'stoch5_KD', False)|('M15', 'MACD12_26_hslope', True)|('M30', 'HMAcross20_100', False)] SL=3xATR_H1 TP1.5","{""combo"": ""MAJ[('H4', 'stoch5_KD', False)|('M15', 'MACD12_26_hslope', True)|('M30', 'HMAcross20_100', False)]"", ""inv"": false, ""sl"": ""3xATR_H1"", ""exit"": ""TP1.5""}",1.2661255433903922,615,87.5,1.26,55.0,0.225,-13.5,75.0,343,24.5,1.12,53.5,0.113,-15.5,55.6,0.52
"MAJ[('H4', 'MACD5_35_hist', True)|('M15', 'HMAcross5_10', True)|('M30', 'HMAcross50_200', False)] SL=3xATR_H1 TR1","{""combo"": ""MAJ[('H4', 'MACD5_35_hist', True)|('M15', 'HMAcross5_10', True)|('M30', 'HMAcross50_200', False)]"", ""inv"": false, ""sl"": ""3xATR_H1"", ""exit"": ""TR1""}",1.2560902423183373,890,101.8,1.33,50.7,0.201,-19.2,61.1,518,25.7,1.14,47.7,0.093,-16.5,55.6,0.53
"MAJ[('M5', 'HMAcross5_20', True)|('H4', 'MACD5_35_hist', True)|('M30', 'px_vs_HMA5', True)] SL=1xATR_D1 TR1_TP3","{""combo"": ""MAJ[('M5', 'HMAcross5_20', True)|('H4', 'MACD5_35_hist', True)|('M30', 'px_vs_HMA5', True)]"", ""inv"": false, ""sl"": ""1xATR_D1"", ""exit"": ""TR1_TP3""}",1.1875584069466798,420,74.3,1.53,48.1,0.217,-16.4,75.0,234,15.4,1.18,40.7,0.082,-10.9,61.1,0.52
"MAJ[('H4', 'MACD3_10_hist', True)|('M5', 'HMAcross5_20', True)|('M30', 'px_vs_HMA5', True)] SL=1xATR_D1 TR1","{""combo"": ""MAJ[('H4', 'MACD3_10_hist', True)|('M5', 'HMAcross5_20', True)|('M30', 'px_vs_HMA5', True)]"", ""inv"": false, ""sl"": ""1xATR_D1"", ""exit"": ""TR1""}",1.1319993117500997,392,69.2,1.53,48.6,0.22,-17.4,72.2,218,13.8,1.17,42.8,0.08,-10.3,55.6,0.49
"MAJ[('M15', 'HMAcross5_10', True)|('M5', 'psar0.04', True)|('M30', 'HMAcross20_100', False)] SL=2xATR_H4 TR1_TP3","{""combo"": ""MAJ[('M15', 'HMAcross5_10', True)|('M5', 'psar0.04', True)|('M30', 'HMAcross20_100', False)]"", ""inv"": false, ""sl"": ""2xATR_H4"", ""exit"": ""TR1_TP3""}",1.1033350000943207,560,72.9,1.38,50.2,0.18,-10.8,75.0,308,18.3,1.16,40.1,0.084,-13.3,61.1,0.47
"AGREE_else_fadeHTF[('M5', 'HMAcross5_20', True)|('M15', 'MACD12_26_hslope', True)|('H1', 'stoch14_zone', True)] SL=1xATR_D1 TR1_TP3","{""combo"": ""AGREE_else_fadeHTF[('M5', 'HMAcross5_20', True)|('M15', 'MACD12_26_hslope', True)|('H1', 'stoch14_zone', True)]"", ""inv"": false, ""sl"": ""1xATR_D1"", ""exit"": ""TR1_TP3""}",1.0748068637081478,431,62.7,1.44,49.3,0.184,-10.8,72.2,225,12.9,1.16,44.6,0.078,-14.9,55.6,0.58
"MAJ[('H4', 'stoch5_KD', False)|('M5', 'RSI5_zone80', True)|('D1', 'px_vs_HMA10', True)] SL=3xATR_H1 TR1","{""combo"": ""MAJ[('H4', 'stoch5_KD', False)|('M5', 'RSI5_zone80', True)|('D1', 'px_vs_HMA10', True)]"", ""inv"": false, ""sl"": ""3xATR_H1"", ""exit"": ""TR1""}",1.0646781357716564,888,92.6,1.29,48.3,0.182,-15.2,72.2,487,17.3,1.1,47.3,0.067,-26.8,66.7,0.48
"PROD[('H1', 'MACD5_35_hslope', True)|('M15', 'HMAcross5_10', True)] SL=2xATR_H4 TR1_TP3","{""combo"": ""PROD[('H1', 'MACD5_35_hslope', True)|('M15', 'HMAcross5_10', True)]"", ""inv"": false, ""sl"": ""2xATR_H4"", ""exit"": ""TR1_TP3""}",1.035261281220624,556,72.9,1.41,48.1,0.182,-9.6,80.6,315,15.8,1.13,41.7,0.071,-13.1,61.1,0.61
"MAJ[('H4', 'stoch5_KD', False)|('M5', 'HMAcross5_20', True)|('D1', 'px_vs_HMA10', True)] SL=1xATR_D1 TP1","{""combo"": ""MAJ[('H4', 'stoch5_KD', False)|('M5', 'HMAcross5_20', True)|('D1', 'px_vs_HMA10', True)]"", ""inv"": false, ""sl"": ""1xATR_D1"", ""exit"": ""TP1""}",1.0208793648856338,434,62.0,1.33,58.2,0.191,-9.0,77.8,227,13.0,1.12,51.6,0.071,-19.0,55.6,0.45
"MAJ[('H4', 'stoch5_KD', False)|('M5', 'RSI5_zone80', True)|('D1', 'px_vs_HMA10', True)] SL=3xATR_H1 TR1_TP3","{""combo"": ""MAJ[('H4', 'stoch5_KD', False)|('M5', 'RSI5_zone80', True)|('D1', 'px_vs_HMA10', True)]"", ""inv"": false, ""sl"": ""3xATR_H1"", ""exit"": ""TR1_TP3""}",1.0159960588368104,940,102.1,1.31,50.4,0.193,-13.7,77.8,512,15.4,1.08,48.3,0.058,-24.3,55.6,0.48
"AGREE_else_fadeHTF[('D1', 'stoch5_KD', True)|('H1', 'stoch14_zone', True)|('M15', 'linreg10', True)]~inv SL=2xATR_H4 TR1_TP3","{""combo"": ""AGREE_else_fadeHTF[('D1', 'stoch5_KD', True)|('H1', 'stoch14_zone', True)|('M15', 'linreg10', True)]"", ""inv"": true, ""sl"": ""2xATR_H4"", ""exit"": ""TR1_TP3""}",1.0101930653322255,556,79.6,1.44,47.3,0.195,-8.5,75.0,309,12.8,1.11,42.3,0.058,-13.4,66.7,0.52
"AGREE_else_fadeHTF[('M15', 'HMAcross5_10', True)|('M5', 'psar0.04', True)|('M30', 'SMAcross20_100', True)] SL=2xATR_H4 TR1_TP3","{""combo"": ""AGREE_else_fadeHTF[('M15', 'HMAcross5_10', True)|('M5', 'psar0.04', True)|('M30', 'SMAcross20_100', True)]"", ""inv"": false, ""sl"": ""2xATR_H4"", ""exit"": ""TR1_TP3""}",1.0046224861107542,578,73.5,1.36,47.6,0.175,-9.6,69.4,312,14.7,1.12,42.9,0.068,-12.6,66.7,0.49
"MAJ[('H4', 'stoch5_KD', False)|('M15', 'MACD12_26_hslope', True)|('M30', 'HMAcross50_200', False)] SL=3xATR_H1 TP2","{""combo"": ""MAJ[('H4', 'stoch5_KD', False)|('M15', 'MACD12_26_hslope', True)|('M30', 'HMAcross50_200', False)]"", ""inv"": false, ""sl"": ""3xATR_H1"", ""exit"": ""TP2""}",1.0007440431842514,425,94.0,1.37,48.5,0.316,-18.0,74.3,242,16.0,1.1,48.8,0.099,-17.0,55.6,0.5
"MAJ[('D1', 'stoch5_KD', True)|('M5', 'px_vs_HMA10', True)|('H1', 'aroon14', False)] SL=2xATR_H4 TR1","{""combo"": ""MAJ[('D1', 'stoch5_KD', True)|('M5', 'px_vs_HMA10', True)|('H1', 'aroon14', False)]"", ""inv"": false, ""sl"": ""2xATR_H4"", ""exit"": ""TR1""}",0.9948773420725617,519,80.2,1.46,46.1,0.2,-8.0,77.8,302,15.0,1.13,42.6,0.067,-23.9,72.2,0.5
"AGREE_else_fadeHTF[('D1', 'px_vs_SMA5', True)|('M15', 'HMAcross5_10', True)|('M30', 'SMAcross20_100', True)] SL=2xATR_H4 TR1_TP3","{""combo"": ""AGREE_else_fadeHTF[('D1', 'px_vs_SMA5', True)|('M15', 'HMAcross5_10', True)|('M30', 'SMAcross20_100', True)]"", ""inv"": false, ""sl"": ""2xATR_H4"", ""exit"": ""TR1_TP3""}",0.9935250784588558,557,86.8,1.47,51.1,0.214,-13.9,66.7,322,11.6,1.1,44.4,0.051,-8.6,44.4,0.49
"ALL[('D1', 'stoch5_KD', True)|('M5', 'RSI5_zone80', True)|('M15', 'px_vs_HMA50', True)] SL=3xATR_H1 TR1","{""combo"": ""ALL[('D1', 'stoch5_KD', True)|('M5', 'RSI5_zone80', True)|('M15', 'px_vs_HMA50', True)]"", ""inv"": false, ""sl"": ""3xATR_H1"", ""exit"": ""TR1""}",0.9722398963314042,688,84.4,1.36,49.9,0.182,-15.9,77.8,398,12.2,1.08,44.8,0.048,-25.3,66.7,0.46
"MAJ[('D1', 'stoch5_KD', True)|('H1', 'aroon14', False)|('M15', 'linreg10', True)] SL=2xATR_H4 TR1","{""combo"": ""MAJ[('D1', 'stoch5_KD', True)|('H1', 'aroon14', False)|('M15', 'linreg10', True)]"", ""inv"": false, ""sl"": ""2xATR_H4"", ""exit"": ""TR1""}",0.938535557486849,517,78.3,1.46,46.0,0.203,-9.0,72.2,291,15.2,1.14,43.1,0.072,-21.8,66.7,0.48
"MAJ[('D1', 'stoch14_KD', True)|('M5', 'HMAcross5_20', True)|('H1', 'aroon14', False)] SL=2xATR_H4 TR1","{""combo"": ""MAJ[('D1', 'stoch14_KD', True)|('M5', 'HMAcross5_20', True)|('H1', 'aroon14', False)]"", ""inv"": false, ""sl"": ""2xATR_H4"", ""exit"": ""TR1""}",0.9282604861657896,520,73.5,1.42,47.4,0.188,-8.6,72.2,299,10.6,1.09,41.0,0.049,-22.7,61.1,0.51
"ALL[('D1', 'stoch5_KD', True)|('M30', 'HMAcross50_200', False)|('M5', 'RSI5_zone80', True)] SL=3xATR_H1 TR1","{""combo"": ""ALL[('D1', 'stoch5_KD', True)|('M30', 'HMAcross50_200', False)|('M5', 'RSI5_zone80', True)]"", ""inv"": false, ""sl"": ""3xATR_H1"", ""exit"": ""TR1""}",0.8952229269211543,480,70.9,1.45,48.2,0.183,-10.5,75.0,272,9.1,1.09,41.3,0.044,-22.5,61.1,0.48
"MAJ[('D1', 'stoch14_KD', True)|('M5', 'HMAcross5_20', True)|('H1', 'aroon14', False)] SL=2xATR_H4 TR1_TP3","{""combo"": ""MAJ[('D1', 'stoch14_KD', True)|('M5', 'HMAcross5_20', True)|('H1', 'aroon14', False)]"", ""inv"": false, ""sl"": ""2xATR_H4"", ""exit"": ""TR1_TP3""}",0.8504198649993752,554,73.4,1.39,46.6,0.178,-8.6,72.2,320,9.5,1.08,41.3,0.041,-18.5,61.1,0.51
"MAJ[('H1', 'MACD3_10_hslope', True)|('H4', 'stoch5_KD', False)|('M30', 'HMAcross50_200', False)] SL=2xATR_H1 TP2","{""combo"": ""MAJ[('H1', 'MACD3_10_hslope', True)|('H4', 'stoch5_KD', False)|('M30', 'HMAcross50_200', False)]"", ""inv"": false, ""sl"": ""2xATR_H1"", ""exit"": ""TP2""}",0.8426466990870655,1046,148.0,1.23,52.8,0.291,-17.0,61.1,617,25.0,1.06,49.5,0.088,-28.0,55.6,0.53
"ALL[('D1', 'stoch5_KD', True)|('M30', 'HMAcross50_200', False)|('H1', 'HMAcross50_200', True)] SL=3xATR_H1 TR1_TP3","{""combo"": ""ALL[('D1', 'stoch5_KD', True)|('M30', 'HMAcross50_200', False)|('H1', 'HMAcross50_200', True)]"", ""inv"": false, ""sl"": ""3xATR_H1"", ""exit"": ""TR1_TP3""}",0.8211090541873182,521,72.5,1.42,46.9,0.178,-14.9,66.7,310,8.3,1.07,40.8,0.037,-28.2,61.1,0.51
"MAJ[('H4', 'MACD3_10_hist', True)|('M5', 'HMAcross5_20', True)|('M30', 'px_vs_HMA5', True)] SL=1xATR_D1 TR1_TP3","{""combo"": ""MAJ[('H4', 'MACD3_10_hist', True)|('M5', 'HMAcross5_20', True)|('M30', 'px_vs_HMA5', True)]"", ""inv"": false, ""sl"": ""1xATR_D1"", ""exit"": ""TR1_TP3""}",0.814518307130005,416,82.5,1.59,48.0,0.241,-16.0,77.8,237,10.2,1.12,40.2,0.054,-10.9,50.0,0.48
"ALL[('D1', 'stoch5_KD', True)|('H4', 'MACD12_26_hist', True)|('M30', 'HMAcross50_200', False)] SL=2xATR_H1 TP2","{""combo"": ""ALL[('D1', 'stoch5_KD', True)|('H4', 'MACD12_26_hist', True)|('M30', 'HMAcross50_200', False)]"", ""inv"": false, ""sl"": ""2xATR_H1"", ""exit"": ""TP2""}",0.800391542320868,493,92.0,1.31,47.8,0.247,-21.0,66.7,291,12.0,1.06,41.4,0.056,-21.0,66.7,0.48
"AGREE_else_fadeHTF[('M15', 'HMAcross5_10', True)|('H1', 'HMAcross50_200', True)|('D1', 'stoch50_KD', True)] SL=2xATR_H4 TR1_TP3","{""combo"": ""AGREE_else_fadeHTF[('M15', 'HMAcross5_10', True)|('H1', 'HMAcross50_200', True)|('D1', 'stoch50_KD', True)]"", ""inv"": false, ""sl"": ""2xATR_H4"", ""exit"": ""TR1_TP3""}",0.7808721296338953,578,73.3,1.36,46.8,0.18,-8.8,69.4,317,12.2,1.1,41.7,0.053,-16.9,50.0,0.48
"MAJ[('D1', 'stoch14_KD', True)|('H4', 'MACD5_35_hist', True)|('H1', 'HMAcross50_200', True)] SL=1xATR_D1 TR1","{""combo"": ""MAJ[('D1', 'stoch14_KD', True)|('H4', 'MACD5_35_hist', True)|('H1', 'HMAcross50_200', True)]"", ""inv"": false, ""sl"": ""1xATR_D1"", ""exit"": ""TR1""}",0.7765371356233594,393,66.9,1.51,44.1,0.203,-7.5,63.9,213,8.3,1.1,36.5,0.047,-15.2,44.4,0.5
"MAJ[('M15', 'HMAcross5_10', True)|('M5', 'psar0.04', True)|('M30', 'HMAcross20_100', False)] SL=2xATR_H4 TR1","{""combo"": ""MAJ[('M15', 'HMAcross5_10', True)|('M5', 'psar0.04', True)|('M30', 'HMAcross20_100', False)]"", ""inv"": false, ""sl"": ""2xATR_H4"", ""exit"": ""TR1""}",0.7686470379100284,519,73.2,1.41,49.4,0.19,-12.2,72.2,297,13.9,1.12,39.7,0.064,-15.0,61.1,0.47
"ALL[('D1', 'stoch5_KD', True)|('M30', 'HMAcross50_200', False)|('M5', 'RSI5_zone80', True)] SL=3xATR_H1 TR1_TP3","{""combo"": ""ALL[('D1', 'stoch5_KD', True)|('M30', 'HMAcross50_200', False)|('M5', 'RSI5_zone80', True)]"", ""inv"": false, ""sl"": ""3xATR_H1"", ""exit"": ""TR1_TP3""}",0.7389661437096688,489,69.6,1.44,47.9,0.175,-9.0,75.0,283,6.7,1.06,42.0,0.031,-23.9,55.6,0.48
"MAJ[('D1', 'stoch14_KD', True)|('M30', 'px_vs_HMA5', True)|('M15', 'linreg10', True)] SL=2xATR_H4 TR1","{""combo"": ""MAJ[('D1', 'stoch14_KD', True)|('M30', 'px_vs_HMA5', True)|('M15', 'linreg10', True)]"", ""inv"": false, ""sl"": ""2xATR_H4"", ""exit"": ""TR1""}",0.7367667735431561,517,75.9,1.44,46.8,0.196,-11.3,77.8,302,12.6,1.11,44.4,0.056,-21.6,61.1,0.48
"MAJ[('D1', 'stoch5_KD', True)|('M15', 'px_vs_HMA50', True)|('H1', 'aroon14', False)] SL=2xATR_H4 TR1","{""combo"": ""MAJ[('D1', 'stoch5_KD', True)|('M15', 'px_vs_HMA50', True)|('H1', 'aroon14', False)]"", ""inv"": false, ""sl"": ""2xATR_H4"", ""exit"": ""TR1""}",0.7333167550524092,526,76.4,1.43,46.3,0.196,-10.5,75.0,291,11.9,1.11,45.5,0.056,-18.4,66.7,0.5
"AGREE_else_fadeHTF[('D1', 'px_vs_SMA5', True)|('H4', 'stoch5_KD', False)|('M15', 'SMAcross50_200', True)] SL=2xATR_H4 TP1.5","{""combo"": ""AGREE_else_fadeHTF[('D1', 'px_vs_SMA5', True)|('H4', 'stoch5_KD', False)|('M15', 'SMAcross50_200', True)]"", ""inv"": false, ""sl"": ""2xATR_H4"", ""exit"": ""TP1.5""}",0.7282344120210708,376,84.0,1.44,55.7,0.293,-8.5,72.2,230,5.0,1.04,47.7,0.028,-19.0,38.9,0.52
"AGREE_else_fadeHTF[('D1', 'px_vs_SMA5', True)|('H4', 'stoch5_KD', False)|('M30', 'SMAcross20_100', True)] SL=2xATR_H4 TP1.5","{""combo"": ""AGREE_else_fadeHTF[('D1', 'px_vs_SMA5', True)|('H4', 'stoch5_KD', False)|('M30', 'SMAcross20_100', True)]"", ""inv"": false, ""sl"": ""2xATR_H4"", ""exit"": ""TP1.5""}",0.7224162009978146,370,82.5,1.44,56.0,0.29,-8.5,72.2,230,5.0,1.04,47.7,0.028,-19.0,38.9,0.51
"BOTH[('D1', 'stoch5_KD', True)|('M30', 'HMAcross50_200', False)] SL=2xATR_H1 TP2","{""combo"": ""BOTH[('D1', 'stoch5_KD', True)|('M30', 'HMAcross50_200', False)]"", ""inv"": false, ""sl"": ""2xATR_H1"", ""exit"": ""TP2""}",0.6777992006486417,663,111.0,1.27,50.1,0.249,-24.0,72.2,373,11.0,1.04,42.7,0.045,-38.0,66.7,0.5
"ALL[('D1', 'stoch5_KD', True)|('M30', 'HMAcross50_200', False)|('M5', 'HMAcross5_10', True)] SL=2xATR_H1 TP2","{""combo"": ""ALL[('D1', 'stoch5_KD', True)|('M30', 'HMAcross50_200', False)|('M5', 'HMAcross5_10', True)]"", ""inv"": false, ""sl"": ""2xATR_H1"", ""exit"": ""TP2""}",0.6746352286583208,636,111.0,1.29,50.0,0.255,-28.0,69.4,367,11.0,1.05,43.1,0.044,-32.0,66.7,0.49
"MAJ[('H1', 'MACD3_10_hslope', True)|('D1', 'stoch5_KD', True)|('H4', 'stoch5_KD', False)] SL=2xATR_H4 TR1","{""combo"": ""MAJ[('H1', 'MACD3_10_hslope', True)|('D1', 'stoch5_KD', True)|('H4', 'stoch5_KD', False)]"", ""inv"": false, ""sl"": ""2xATR_H4"", ""exit"": ""TR1""}",0.6623851333300773,523,72.3,1.41,46.0,0.187,-7.1,75.0,299,8.9,1.08,43.3,0.043,-13.0,61.1,0.49
"MAJ[('H4', 'HMAcross10_50', True)|('H1', 'stoch14_zone', True)|('M30', 'HMAcross20_100', False)] SL=1xATR_D1 TP1","{""combo"": ""MAJ[('H4', 'HMAcross10_50', True)|('H1', 'stoch14_zone', True)|('M30', 'HMAcross20_100', False)]"", ""inv"": false, ""sl"": ""1xATR_D1"", ""exit"": ""TP1""}",0.6586665418701958,431,57.0,1.3,57.8,0.178,-13.0,72.2,221,9.0,1.08,51.1,0.051,-18.0,55.6,0.46
"MAJ[('H4', 'stoch5_KD', False)|('H1', 'HMAcross50_200', True)|('M30', 'px_vs_HMA5', True)] SL=2xATR_H4 TP1","{""combo"": ""MAJ[('H4', 'stoch5_KD', False)|('H1', 'HMAcross50_200', True)|('M30', 'px_vs_HMA5', True)]"", ""inv"": false, ""sl"": ""2xATR_H4"", ""exit"": ""TP1""}",0.6396930210072014,629,73.0,1.26,55.3,0.173,-20.0,63.9,318,4.0,1.03,49.1,0.019,-29.0,61.1,0.48
"ALL[('D1', 'stoch14_KD', True)|('M30', 'HMAcross50_200', False)|('M5', 'RSI5_zone80', True)] SL=3xATR_H1 TR1","{""combo"": ""ALL[('D1', 'stoch14_KD', True)|('M30', 'HMAcross50_200', False)|('M5', 'RSI5_zone80', True)]"", ""inv"": false, ""sl"": ""3xATR_H1"", ""exit"": ""TR1""}",0.6342350802859823,493,75.0,1.46,47.2,0.19,-7.9,63.9,282,6.2,1.06,41.3,0.03,-23.9,61.1,0.49
"MAJ[('M15', 'HMAcross5_10', True)|('M30', 'HMAcross50_200', False)|('M5', 'psar0.04', True)] SL=2xATR_H4 TR1","{""combo"": ""MAJ[('M15', 'HMAcross5_10', True)|('M30', 'HMAcross50_200', False)|('M5', 'psar0.04', True)]"", ""inv"": false, ""sl"": ""2xATR_H4"", ""exit"": ""TR1""}",0.5853463821503012,522,79.1,1.45,47.2,0.203,-7.7,61.1,306,8.0,1.07,41.2,0.036,-9.5,61.1,0.47
"BOTH[('M5', 'psar0.04', True)|('M30', 'px_vs_HMA5', True)] SL=1xATR_D1 TR1_TP3","{""combo"": ""BOTH[('M5', 'psar0.04', True)|('M30', 'px_vs_HMA5', True)]"", ""inv"": false, ""sl"": ""1xATR_D1"", ""exit"": ""TR1_TP3""}",0.5564681659575513,415,73.1,1.53,45.9,0.214,-10.3,77.8,222,7.7,1.09,38.2,0.043,-16.9,66.7,0.53
"BOTH[('M30', 'MACD5_35_hslope', True)|('M15', 'px_vs_HMA50', True)] SL=2xATR_H4 TR1_TP3","{""combo"": ""BOTH[('M30', 'MACD5_35_hslope', True)|('M15', 'px_vs_HMA50', True)]"", ""inv"": false, ""sl"": ""2xATR_H4"", ""exit"": ""TR1_TP3""}",0.5458011130137739,570,78.4,1.4,47.8,0.188,-14.6,72.2,322,6.0,1.05,41.0,0.026,-16.6,61.1,0.49
"MAJ[('M15', 'HMAcross5_10', True)|('M5', 'RSI5_zone80', True)|('M30', 'px_vs_HMA5', True)] SL=2xATR_H4 TR1","{""combo"": ""MAJ[('M15', 'HMAcross5_10', True)|('M5', 'RSI5_zone80', True)|('M30', 'px_vs_HMA5', True)]"", ""inv"": false, ""sl"": ""2xATR_H4"", ""exit"": ""TR1""}",0.5419318991765555,517,77.0,1.43,49.7,0.206,-15.0,75.0,294,9.7,1.08,38.6,0.046,-16.5,44.4,0.51
"ALL[('M15', 'HMAcross5_10', True)|('M5', 'psar0.04', True)|('M30', 'px_vs_HMA5', True)] SL=1xATR_D1 TR1_TP3","{""combo"": ""ALL[('M15', 'HMAcross5_10', True)|('M5', 'psar0.04', True)|('M30', 'px_vs_HMA5', True)]"", ""inv"": false, ""sl"": ""1xATR_D1"", ""exit"": ""TR1_TP3""}",0.5385928607775726,415,64.8,1.46,45.5,0.189,-9.9,75.0,222,6.1,1.07,38.3,0.034,-9.7,55.6,0.54
"AGREE_else_fadeHTF[('M15', 'HMAcross5_10', True)|('M5', 'psar0.04', True)|('H1', 'stoch14_zone', True)] SL=2xATR_H4 TR1_TP3","{""combo"": ""AGREE_else_fadeHTF[('M15', 'HMAcross5_10', True)|('M5', 'psar0.04', True)|('H1', 'stoch14_zone', True)]"", ""inv"": false, ""sl"": ""2xATR_H4"", ""exit"": ""TR1_TP3""}",0.5277090455294093,573,76.3,1.38,48.0,0.184,-11.5,72.2,314,8.0,1.07,41.0,0.037,-15.4,66.7,0.51
"ALL[('D1', 'stoch5_KD', True)|('M30', 'HMAcross50_200', False)|('M5', 'RSI5_zone80', True)] SL=2xATR_H4 TR1_TP3","{""combo"": ""ALL[('D1', 'stoch5_KD', True)|('M30', 'HMAcross50_200', False)|('M5', 'RSI5_zone80', True)]"", ""inv"": false, ""sl"": ""2xATR_H4"", ""exit"": ""TR1_TP3""}",0.5103801529436207,333,54.4,1.54,46.6,0.178,-6.8,66.7,184,3.8,1.06,40.5,0.023,-24.0,61.1,0.51
"MAJ[('M15', 'HMAcross5_10', True)|('H1', 'HMAcross50_200', True)|('M5', 'psar0.04', True)] SL=2xATR_H4 TR1","{""combo"": ""MAJ[('M15', 'HMAcross5_10', True)|('H1', 'HMAcross50_200', True)|('M5', 'psar0.04', True)]"", ""inv"": false, ""sl"": ""2xATR_H4"", ""exit"": ""TR1""}",0.49917268948238164,525,73.5,1.41,48.8,0.191,-8.5,66.7,312,6.8,1.06,42.0,0.031,-18.0,44.4,0.47
"AGREE_else_fadeHTF[('D1', 'stoch5_KD', True)|('H1', 'stoch14_zone', True)|('M15', 'px_vs_HMA50', True)]~inv SL=2xATR_H4 TR1_TP3","{""combo"": ""AGREE_else_fadeHTF[('D1', 'stoch5_KD', True)|('H1', 'stoch14_zone', True)|('M15', 'px_vs_HMA50', True)]"", ""inv"": true, ""sl"": ""2xATR_H4"", ""exit"": ""TR1_TP3""}",0.4435988602053518,551,71.6,1.39,47.2,0.177,-9.5,77.8,315,4.8,1.04,42.5,0.021,-17.7,55.6,0.51
"MAJ[('H4', 'MACD3_10_hist', True)|('M5', 'HMAcross5_20', True)|('H1', 'aroon14', False)] SL=1xATR_D1 TR1_TP3","{""combo"": ""MAJ[('H4', 'MACD3_10_hist', True)|('M5', 'HMAcross5_20', True)|('H1', 'aroon14', False)]"", ""inv"": false, ""sl"": ""1xATR_D1"", ""exit"": ""TR1_TP3""}",0.40042702810746816,426,63.0,1.44,45.8,0.181,-14.5,63.9,234,5.7,1.06,39.3,0.031,-13.7,44.4,0.48
