port,k,mean_corr,IS_totR,IS_R_day,IS_green_days,IS_maxDD,IS_green_months,IS_sharpe_d,VAL_totR,VAL_R_day,VAL_green_days,VAL_maxDD,VAL_green_months,VAL_sharpe_d,minSh
A3,3,0.196,232.8,0.415,49.9,-13.2,83.3,3.14,113.7,0.385,46.8,-12.6,72.2,2.86,2.86
B3,3,-0.032,226.9,0.389,54.9,-10.4,86.1,3.87,61.2,0.197,50.0,-20.0,61.1,1.65,1.65
C3,3,-0.034,215.4,0.354,55.6,-10.3,88.9,3.55,77.2,0.247,53.8,-13.1,77.8,2.26,2.26
A5,5,0.248,374.5,0.602,47.9,-21.9,80.6,3.13,166.9,0.525,46.9,-20.3,72.2,2.74,2.74
B5,5,0.007,380.3,0.582,56.4,-14.5,88.9,4.46,92.4,0.278,48.8,-27.3,77.8,1.83,1.83
C5,5,0.05,365.8,0.551,56.2,-13.9,88.9,3.9,147.7,0.44,53.0,-13.9,83.3,2.99,2.99
A10,10,0.13,809.3,1.1,52.0,-30.0,86.1,3.83,309.0,0.846,52.1,-32.7,83.3,3.11,3.11
B10,10,0.043,801.9,1.114,57.9,-14.1,100.0,4.93,193.4,0.528,49.7,-32.9,72.2,2.07,2.07
C10,10,0.054,770.3,1.068,56.0,-19.2,97.2,4.75,226.3,0.611,51.1,-34.3,83.3,2.58,2.58
