lock_up,lock_dn,maxtr,eqmode,volexp,IS_totR,IS_R_day,IS_gd,IS_dd,IS_gm,IS_sh,IS_n,VAL_totR,VAL_R_day,VAL_gd,VAL_dd,VAL_gm,VAL_sh,VAL_n
0,0,0,0,0.0,365.8,0.551,54.8,-13.9,88.9,3.9,2552,147.7,0.44,52.1,-13.9,83.3,2.99,1322
0,0,0,0,0.5,369.3,0.556,55.3,-15.2,88.9,3.79,2552,157.6,0.469,52.7,-13.7,88.9,3.13,1322
0,0,0,0,1.0,378.4,0.57,55.0,-16.8,86.1,3.65,2552,165.0,0.491,52.7,-14.4,88.9,3.18,1322
0,0,2,0,0.0,23.9,0.04,43.1,-57.3,50.0,0.33,1647,12.8,0.042,44.8,-27.7,61.1,0.36,849
0,0,2,0,0.5,21.0,0.035,44.1,-53.8,50.0,0.29,1647,7.8,0.025,45.8,-27.1,55.6,0.22,849
0,0,2,0,1.0,18.5,0.031,44.0,-51.8,50.0,0.25,1647,0.7,0.002,46.1,-32.9,50.0,0.02,849
0,0,4,0,0.0,169.7,0.263,49.8,-30.4,63.9,1.91,2250,72.1,0.222,47.4,-28.8,66.7,1.51,1164
0,0,4,0,0.5,170.5,0.265,50.0,-31.2,66.7,1.88,2250,81.8,0.252,47.1,-29.1,66.7,1.67,1164
0,0,4,0,1.0,174.3,0.271,49.8,-32.1,63.9,1.83,2250,88.2,0.271,47.1,-29.5,66.7,1.73,1164
0,0,8,0,0.0,288.7,0.433,52.3,-26.4,86.1,3.03,2538,121.1,0.361,50.9,-30.8,72.2,2.42,1298
0,0,8,0,0.5,295.7,0.443,52.9,-24.7,86.1,3.0,2538,128.8,0.383,51.2,-31.3,77.8,2.53,1298
0,0,8,0,1.0,308.0,0.462,52.5,-23.2,88.9,2.95,2538,133.6,0.398,51.2,-31.9,77.8,2.55,1298
0,1,0,0,0.0,133.8,0.206,47.5,-42.6,66.7,1.46,2270,26.8,0.082,43.6,-35.7,44.4,0.6,1138
0,1,0,0,0.5,168.8,0.267,47.4,-22.0,75.0,1.78,2304,46.0,0.14,46.0,-21.5,55.6,0.99,1140
0,1,0,0,1.0,187.3,0.3,47.4,-24.3,80.6,1.99,2297,50.3,0.155,45.7,-21.2,44.4,1.05,1125
0,1,0,1,0.0,170.2,0.256,43.0,-20.8,69.4,2.13,2932,110.4,0.322,43.7,-14.2,72.2,2.65,1454
0,1,0,1,0.5,175.8,0.264,44.1,-29.5,66.7,2.17,2934,108.4,0.318,44.3,-10.4,72.2,2.69,1491
0,1,0,1,1.0,186.0,0.279,43.4,-29.9,66.7,2.26,2964,105.0,0.306,43.4,-14.1,72.2,2.59,1508
0,1,2,0,0.0,28.6,0.048,43.1,-59.4,58.3,0.4,1575,19.4,0.063,44.1,-27.7,72.2,0.56,812
0,1,2,0,0.5,34.4,0.058,44.9,-53.7,55.6,0.48,1593,23.7,0.078,45.9,-26.5,66.7,0.66,816
0,1,2,0,1.0,30.0,0.051,43.9,-53.2,52.8,0.41,1592,15.9,0.052,45.6,-26.5,61.1,0.44,814
0,1,2,1,0.0,31.9,0.051,38.1,-46.5,55.6,0.53,1725,20.9,0.066,41.1,-22.6,55.6,0.7,880
0,1,2,1,0.5,23.0,0.037,38.9,-46.3,50.0,0.38,1717,23.9,0.076,42.2,-22.3,55.6,0.79,864
0,1,2,1,1.0,28.0,0.045,38.5,-38.4,52.8,0.46,1721,28.3,0.09,43.1,-15.8,61.1,0.94,855
0,1,4,0,0.0,44.3,0.069,44.6,-47.7,50.0,0.55,1986,29.5,0.092,42.9,-38.3,55.6,0.71,1025
0,1,4,0,0.5,66.9,0.106,44.9,-29.2,52.8,0.85,2019,47.6,0.148,44.2,-28.9,50.0,1.1,1039
0,1,4,0,1.0,51.0,0.08,44.5,-33.3,50.0,0.63,2020,47.1,0.147,43.9,-26.5,55.6,1.06,1040
0,1,4,1,0.0,16.4,0.025,34.1,-46.8,50.0,0.21,2499,2.9,0.008,35.5,-19.3,44.4,0.07,1293
0,1,4,1,0.5,-21.1,-0.032,34.2,-68.9,41.7,-0.3,2530,11.4,0.034,37.3,-19.5,44.4,0.29,1277
0,1,4,1,1.0,-24.1,-0.037,33.8,-61.3,41.7,-0.34,2505,13.5,0.04,36.2,-31.0,50.0,0.37,1265
0,1,8,0,0.0,84.6,0.131,45.1,-66.7,63.9,0.95,2236,28.4,0.086,43.6,-41.5,44.4,0.63,1116
0,1,8,0,0.5,99.3,0.156,45.6,-39.0,75.0,1.12,2274,59.8,0.182,47.1,-24.1,61.1,1.24,1123
0,1,8,0,1.0,101.1,0.16,45.1,-31.0,77.8,1.14,2259,64.3,0.197,47.1,-24.3,55.6,1.3,1120
0,1,8,1,0.0,102.2,0.154,38.5,-31.4,58.3,1.26,2947,47.4,0.14,38.3,-13.9,55.6,1.17,1476
0,1,8,1,0.5,112.0,0.167,39.6,-31.5,63.9,1.34,2943,61.2,0.182,40.9,-12.3,66.7,1.56,1485
0,1,8,1,1.0,123.8,0.185,40.5,-33.0,63.9,1.46,2927,59.0,0.175,41.4,-12.9,72.2,1.51,1487
0,2,0,0,0.0,256.9,0.393,51.8,-22.8,69.4,2.71,2420,12.8,0.039,45.3,-39.0,55.6,0.28,1266
0,2,0,0,0.5,263.6,0.402,51.5,-25.0,75.0,2.79,2427,107.4,0.326,48.9,-20.9,66.7,2.17,1259
0,2,0,0,1.0,233.4,0.354,50.0,-26.5,72.2,2.31,2401,71.6,0.219,48.3,-24.0,55.6,1.47,1237
0,2,0,1,0.0,213.3,0.318,51.0,-27.7,69.4,2.42,2695,71.9,0.214,46.4,-29.6,50.0,1.58,1419
0,2,0,1,0.5,240.8,0.36,50.7,-19.0,69.4,2.68,2717,128.5,0.387,51.2,-16.3,77.8,2.75,1361
0,2,0,1,1.0,278.2,0.421,51.6,-22.9,75.0,2.94,2682,41.4,0.122,46.0,-28.2,55.6,0.94,1387
0,2,2,0,0.0,23.7,0.04,43.0,-63.1,50.0,0.33,1639,21.5,0.069,45.0,-24.8,61.1,0.6,842
0,2,2,0,0.5,30.7,0.051,44.4,-54.8,55.6,0.42,1637,16.5,0.053,46.3,-25.5,61.1,0.45,843
0,2,2,0,1.0,30.4,0.051,44.2,-52.7,55.6,0.41,1636,9.1,0.03,46.3,-28.2,55.6,0.25,845
0,2,2,1,0.0,13.6,0.023,41.4,-57.2,52.8,0.2,1680,25.2,0.082,44.5,-26.6,55.6,0.73,862
0,2,2,1,0.5,32.2,0.055,43.1,-52.1,55.6,0.47,1669,19.2,0.062,44.6,-24.8,55.6,0.56,861
0,2,2,1,1.0,39.7,0.067,43.3,-46.7,58.3,0.57,1664,14.6,0.048,44.8,-24.6,50.0,0.43,862
0,2,4,0,0.0,116.7,0.182,46.4,-26.3,66.7,1.36,2182,77.4,0.237,46.2,-21.5,66.7,1.64,1116
0,2,4,0,0.5,147.8,0.232,48.9,-22.5,75.0,1.77,2172,76.7,0.233,44.7,-18.9,72.2,1.58,1114
0,2,4,0,1.0,150.1,0.236,48.6,-22.4,69.4,1.73,2175,75.0,0.229,43.6,-18.9,61.1,1.47,1121
0,2,4,1,0.0,132.8,0.209,46.6,-26.5,61.1,1.57,2310,32.9,0.1,42.2,-22.9,61.1,0.76,1193
0,2,4,1,0.5,132.5,0.209,46.8,-32.6,58.3,1.55,2314,49.0,0.15,45.6,-24.0,61.1,1.11,1195
0,2,4,1,1.0,153.9,0.24,46.4,-32.6,63.9,1.68,2294,78.2,0.24,45.7,-20.8,66.7,1.7,1182
0,2,8,0,0.0,196.2,0.3,50.1,-49.2,75.0,2.11,2426,82.4,0.25,48.8,-24.1,66.7,1.76,1224
0,2,8,0,0.5,220.1,0.333,51.5,-44.7,80.6,2.38,2440,119.9,0.367,51.4,-22.9,66.7,2.43,1213
0,2,8,0,1.0,235.2,0.356,50.9,-32.7,80.6,2.41,2423,91.6,0.283,50.6,-23.1,72.2,1.87,1218
0,2,8,1,0.0,199.6,0.3,47.6,-30.8,63.9,2.24,2660,72.8,0.219,48.3,-24.4,55.6,1.56,1403
0,2,8,1,0.5,182.2,0.272,48.1,-30.7,72.2,2.03,2669,105.5,0.318,51.8,-16.4,66.7,2.23,1356
0,2,8,1,1.0,202.3,0.305,47.9,-31.9,75.0,2.13,2655,40.5,0.121,47.8,-32.2,55.6,0.9,1341
0,3,0,0,0.0,274.0,0.407,52.2,-21.5,83.3,2.94,2521,104.2,0.316,50.6,-28.2,61.1,2.12,1322
0,3,0,0,0.5,262.7,0.389,52.7,-21.1,83.3,2.78,2521,122.5,0.375,51.1,-28.4,66.7,2.42,1308
0,3,0,0,1.0,307.8,0.46,54.1,-21.3,88.9,3.08,2509,116.8,0.354,51.2,-28.6,72.2,2.22,1291
0,3,0,1,0.0,276.2,0.417,53.3,-16.5,72.2,3.01,2625,84.5,0.248,49.9,-31.1,66.7,1.77,1358
0,3,0,1,0.5,305.2,0.46,53.5,-18.7,80.6,3.17,2609,137.3,0.406,51.5,-17.5,83.3,2.83,1349
0,3,0,1,1.0,297.4,0.447,53.4,-18.9,77.8,3.04,2632,154.3,0.459,51.8,-15.4,88.9,3.14,1333
0,3,2,0,0.0,23.9,0.04,43.1,-57.3,50.0,0.33,1647,12.8,0.042,44.8,-27.7,61.1,0.36,849
0,3,2,0,0.5,26.1,0.044,44.3,-53.8,52.8,0.36,1646,7.8,0.025,45.8,-27.1,55.6,0.22,849
0,3,2,0,1.0,24.1,0.04,44.1,-51.8,52.8,0.32,1646,2.2,0.007,46.1,-31.4,50.0,0.06,848
0,3,2,1,0.0,6.6,0.011,42.3,-72.8,47.2,0.09,1660,11.8,0.038,44.8,-24.8,61.1,0.33,853
0,3,2,1,0.5,14.5,0.025,44.4,-61.5,52.8,0.2,1651,11.9,0.039,46.1,-24.5,55.6,0.33,851
0,3,2,1,1.0,16.2,0.027,44.5,-59.5,55.6,0.22,1648,1.1,0.004,45.9,-26.7,50.0,0.03,851
0,3,4,0,0.0,162.9,0.253,50.0,-31.9,69.4,1.82,2227,63.4,0.194,45.6,-23.5,61.1,1.37,1146
0,3,4,0,0.5,147.4,0.229,49.9,-32.4,66.7,1.62,2235,88.3,0.271,47.9,-23.9,61.1,1.86,1146
0,3,4,0,1.0,148.3,0.231,49.3,-33.0,63.9,1.55,2239,90.8,0.279,47.9,-24.3,66.7,1.8,1143
0,3,4,1,0.0,195.0,0.3,49.7,-29.0,61.1,2.2,2251,68.1,0.212,47.5,-24.7,72.2,1.53,1179
0,3,4,1,0.5,189.2,0.293,49.6,-28.7,63.9,2.07,2259,71.4,0.22,46.3,-24.9,72.2,1.58,1175
0,3,4,1,1.0,170.1,0.266,48.6,-28.0,63.9,1.82,2246,51.9,0.161,44.3,-25.3,66.7,1.15,1182
0,3,8,0,0.0,201.2,0.302,49.3,-45.8,83.3,2.13,2529,99.3,0.299,51.5,-26.2,72.2,2.07,1295
0,3,8,0,0.5,221.5,0.334,51.1,-46.0,80.6,2.3,2521,109.0,0.331,51.7,-31.8,72.2,2.18,1288
0,3,8,0,1.0,246.9,0.373,51.1,-43.5,86.1,2.45,2504,113.3,0.342,50.5,-26.8,72.2,2.18,1264
0,3,8,1,0.0,199.3,0.298,51.2,-42.9,69.4,2.15,2648,83.3,0.25,50.9,-31.4,72.2,1.72,1323
0,3,8,1,0.5,186.8,0.281,50.2,-39.4,69.4,1.99,2634,103.3,0.313,51.2,-31.8,66.7,2.09,1319
0,3,8,1,1.0,177.7,0.27,48.5,-35.2,69.4,1.82,2601,103.4,0.315,50.9,-31.4,66.7,2.04,1314
1,0,0,0,0.0,165.0,0.266,49.0,-28.7,69.4,1.82,2214,69.7,0.22,48.6,-20.8,61.1,1.51,1166
1,0,0,0,0.5,166.8,0.267,49.0,-24.8,69.4,1.7,2260,69.3,0.215,50.3,-20.1,72.2,1.55,1175
1,0,0,0,1.0,200.2,0.318,48.9,-27.2,75.0,1.89,2279,72.9,0.226,49.7,-19.8,61.1,1.58,1175
1,0,0,1,0.0,33.2,0.048,67.2,-34.4,58.3,0.37,3479,-5.5,-0.016,64.5,-35.1,55.6,-0.13,1785
1,0,0,1,0.5,28.3,0.041,67.3,-38.0,58.3,0.31,3426,-8.1,-0.023,63.5,-35.1,61.1,-0.19,1781
1,0,0,1,1.0,-13.8,-0.02,65.4,-55.0,55.6,-0.15,3403,3.1,0.009,63.8,-34.8,66.7,0.07,1761
1,0,2,0,0.0,10.0,0.017,41.8,-71.4,47.2,0.14,1595,5.8,0.019,43.1,-38.7,66.7,0.16,811
1,0,2,0,0.5,25.4,0.042,43.3,-56.6,44.4,0.35,1609,9.9,0.032,45.0,-36.2,66.7,0.27,822
1,0,2,0,1.0,25.7,0.043,42.8,-53.9,44.4,0.35,1608,2.9,0.009,44.6,-37.9,66.7,0.08,823
1,0,2,1,0.0,-9.9,-0.016,55.0,-24.2,55.6,-0.18,1747,-28.0,-0.087,51.9,-45.8,50.0,-1.03,896
1,0,2,1,0.5,1.2,0.002,55.5,-24.6,58.3,0.02,1738,-41.2,-0.127,49.8,-54.8,50.0,-1.52,891
1,0,2,1,1.0,-6.4,-0.01,54.8,-26.5,55.6,-0.12,1731,-45.3,-0.14,48.1,-62.2,50.0,-1.69,888
1,0,4,0,0.0,71.4,0.115,45.4,-38.4,55.6,0.82,2024,43.1,0.135,46.2,-25.3,61.1,0.97,1035
1,0,4,0,0.5,85.6,0.135,46.0,-35.4,63.9,0.94,2065,29.7,0.093,46.7,-23.2,55.6,0.68,1059
1,0,4,0,1.0,91.2,0.144,46.3,-35.6,61.1,0.97,2064,23.6,0.074,46.4,-23.5,55.6,0.53,1066
1,0,4,1,0.0,36.3,0.055,63.2,-32.7,58.3,0.53,2778,5.2,0.015,59.8,-31.5,44.4,0.15,1425
1,0,4,1,0.5,33.0,0.05,62.7,-26.0,58.3,0.49,2750,-3.4,-0.01,57.7,-36.5,44.4,-0.1,1394
1,0,4,1,1.0,25.7,0.039,61.9,-30.0,55.6,0.39,2704,4.7,0.014,57.0,-26.8,50.0,0.14,1377
1,0,8,0,0.0,163.2,0.262,48.1,-36.5,66.7,1.74,2207,32.6,0.101,44.1,-30.5,66.7,0.7,1158
1,0,8,0,0.5,172.2,0.275,47.5,-20.4,66.7,1.74,2216,62.0,0.194,49.1,-17.1,72.2,1.38,1154
1,0,8,0,1.0,219.3,0.349,48.3,-21.5,75.0,2.07,2234,61.8,0.193,48.4,-15.3,72.2,1.36,1155
1,0,8,1,0.0,36.3,0.052,65.7,-28.3,63.9,0.44,3419,5.7,0.017,66.4,-23.7,50.0,0.15,1724
1,0,8,1,0.5,31.1,0.045,66.1,-30.2,61.1,0.38,3365,13.1,0.038,65.1,-24.2,66.7,0.34,1703
1,0,8,1,1.0,2.0,0.003,64.6,-38.8,55.6,0.02,3322,16.8,0.049,64.2,-24.6,72.2,0.43,1693
1,1,0,0,0.0,102.7,0.165,45.5,-40.0,58.3,1.17,1922,57.3,0.182,46.3,-27.1,50.0,1.26,977
1,1,0,0,0.5,121.7,0.195,46.6,-30.9,63.9,1.36,1959,23.0,0.073,41.7,-29.1,55.6,0.5,990
1,1,0,0,1.0,77.5,0.125,45.0,-32.8,61.1,0.88,1994,21.5,0.068,44.1,-31.8,61.1,0.46,1005
1,1,0,1,0.0,-10.4,-0.015,47.5,-28.6,38.9,-0.21,3591,0.2,0.0,48.5,-16.0,50.0,0.01,1911
1,1,0,1,0.5,-9.8,-0.014,47.5,-30.9,44.4,-0.19,3515,-9.7,-0.027,47.4,-15.2,50.0,-0.38,1886
1,1,0,1,1.0,-12.8,-0.019,46.6,-34.7,44.4,-0.26,3486,-6.7,-0.019,47.1,-17.4,44.4,-0.26,1863
1,1,2,0,0.0,16.9,0.029,41.8,-63.0,55.6,0.24,1520,11.7,0.038,43.4,-38.1,66.7,0.34,787
1,1,2,0,0.5,40.3,0.068,44.4,-49.7,55.6,0.55,1551,23.2,0.077,45.5,-34.3,66.7,0.64,792
1,1,2,0,1.0,37.0,0.062,43.1,-48.6,52.8,0.49,1550,17.2,0.057,44.6,-36.5,66.7,0.47,793
1,1,2,1,0.0,-16.5,-0.025,47.5,-35.9,50.0,-0.39,1778,-14.9,-0.045,46.2,-27.2,50.0,-0.71,908
1,1,2,1,0.5,-11.4,-0.018,47.8,-23.8,44.4,-0.27,1762,-19.3,-0.057,44.9,-27.4,44.4,-0.91,901
1,1,2,1,1.0,-10.9,-0.017,47.3,-21.2,47.2,-0.26,1756,-22.0,-0.066,44.4,-29.9,33.3,-1.07,903
1,1,4,0,0.0,36.5,0.059,42.8,-45.7,52.8,0.45,1830,47.4,0.149,45.4,-28.2,55.6,1.09,951
1,1,4,0,0.5,37.1,0.06,43.3,-40.5,55.6,0.46,1868,25.4,0.08,47.0,-29.9,50.0,0.6,973
1,1,4,0,1.0,17.7,0.028,42.7,-55.8,52.8,0.21,1885,13.3,0.042,47.2,-39.6,44.4,0.31,983
1,1,4,1,0.0,-9.1,-0.013,47.4,-38.9,36.1,-0.19,2893,-7.8,-0.022,47.6,-25.7,44.4,-0.3,1504
1,1,4,1,0.5,-19.1,-0.028,46.4,-39.5,36.1,-0.41,2868,-8.2,-0.023,47.3,-24.4,44.4,-0.32,1488
1,1,4,1,1.0,-15.1,-0.022,46.5,-32.5,41.7,-0.33,2840,-25.3,-0.071,44.1,-33.2,44.4,-1.03,1461
1,1,8,0,0.0,102.7,0.165,45.5,-40.0,58.3,1.17,1922,55.3,0.175,46.3,-29.1,50.0,1.21,977
1,1,8,0,0.5,122.8,0.196,47.2,-30.9,63.9,1.38,1958,28.5,0.091,42.4,-31.1,61.1,0.62,989
1,1,8,0,1.0,77.1,0.125,45.4,-32.8,61.1,0.88,1995,20.5,0.065,44.1,-31.8,61.1,0.44,1004
1,1,8,1,0.0,-11.2,-0.016,47.3,-26.1,38.9,-0.22,3574,-4.5,-0.012,48.1,-20.2,50.0,-0.18,1905
1,1,8,1,0.5,-9.4,-0.014,47.5,-30.6,41.7,-0.18,3513,-12.4,-0.034,47.1,-17.2,44.4,-0.49,1874
1,1,8,1,1.0,-14.2,-0.021,46.4,-35.7,47.2,-0.28,3464,-7.9,-0.022,47.1,-17.9,44.4,-0.31,1853
1,2,0,0,0.0,176.1,0.286,49.8,-25.0,72.2,1.96,2036,56.6,0.181,46.3,-22.5,61.1,1.25,1059
1,2,0,0,0.5,161.3,0.257,48.3,-28.2,63.9,1.73,2091,12.7,0.04,45.9,-26.1,38.9,0.27,1103
1,2,0,0,1.0,132.1,0.211,47.0,-30.0,61.1,1.37,2123,13.1,0.041,45.1,-31.1,44.4,0.28,1092
1,2,0,1,0.0,4.8,0.007,60.5,-29.4,55.6,0.07,3463,8.6,0.024,60.5,-19.6,50.0,0.25,1824
1,2,0,1,0.5,8.1,0.012,60.3,-27.7,58.3,0.12,3396,-3.7,-0.011,59.0,-20.6,38.9,-0.11,1804
1,2,0,1,1.0,35.4,0.052,60.7,-28.4,55.6,0.55,3362,2.3,0.007,58.6,-21.6,44.4,0.07,1799
1,2,2,0,0.0,10.2,0.017,41.8,-73.0,47.2,0.14,1582,12.4,0.04,43.8,-38.7,66.7,0.33,808
1,2,2,0,0.5,28.7,0.048,43.6,-58.2,47.2,0.4,1602,16.2,0.053,45.6,-37.8,66.7,0.43,819
1,2,2,0,1.0,30.1,0.05,43.0,-55.4,47.2,0.41,1599,9.5,0.031,45.0,-40.6,66.7,0.25,821
1,2,2,1,0.0,-4.6,-0.007,54.3,-24.5,52.8,-0.09,1747,-16.0,-0.05,51.9,-30.5,50.0,-0.65,899
1,2,2,1,0.5,14.9,0.024,55.2,-16.1,58.3,0.29,1732,-28.5,-0.088,49.5,-39.2,44.4,-1.16,896
1,2,2,1,1.0,2.4,0.004,54.0,-25.6,52.8,0.05,1728,-34.3,-0.107,49.1,-43.2,50.0,-1.41,893
1,2,4,0,0.0,83.2,0.133,46.2,-55.8,58.3,0.96,1952,58.6,0.183,46.6,-19.3,66.7,1.29,994
1,2,4,0,0.5,85.8,0.137,46.1,-45.3,52.8,1.0,1992,35.5,0.111,44.9,-21.7,55.6,0.8,1017
1,2,4,0,1.0,51.5,0.082,45.2,-54.9,52.8,0.58,2008,28.6,0.089,44.7,-25.4,50.0,0.63,1029
1,2,4,1,0.0,65.1,0.098,61.5,-19.0,63.9,1.11,2767,12.6,0.036,58.1,-19.1,55.6,0.4,1459
1,2,4,1,0.5,35.2,0.053,59.5,-20.6,55.6,0.6,2739,10.1,0.029,56.4,-18.7,50.0,0.33,1418
1,2,4,1,1.0,23.5,0.036,58.7,-29.1,58.3,0.41,2725,-0.8,-0.002,54.2,-22.0,44.4,-0.03,1393
1,2,8,0,0.0,178.4,0.29,49.8,-26.7,72.2,1.99,2033,57.3,0.181,46.8,-22.5,61.1,1.25,1064
1,2,8,0,0.5,158.4,0.252,48.8,-28.2,58.3,1.69,2107,20.7,0.065,45.9,-25.2,38.9,0.44,1092
1,2,8,0,1.0,127.7,0.205,47.5,-35.3,58.3,1.33,2126,16.9,0.053,44.5,-31.1,44.4,0.35,1089
1,2,8,1,0.0,6.2,0.009,60.0,-26.5,55.6,0.09,3415,5.5,0.016,60.3,-19.8,44.4,0.17,1794
1,2,8,1,0.5,9.9,0.015,60.0,-24.7,55.6,0.15,3365,-0.5,-0.001,59.2,-20.7,33.3,-0.02,1762
1,2,8,1,1.0,20.7,0.031,59.6,-28.1,52.8,0.32,3308,3.1,0.009,58.5,-21.1,38.9,0.09,1751
1,3,0,0,0.0,156.9,0.253,49.4,-34.1,61.1,1.62,2149,28.9,0.091,45.6,-34.1,66.7,0.64,1117
1,3,0,0,0.5,177.6,0.285,48.7,-20.4,66.7,1.89,2171,51.1,0.16,48.3,-31.0,72.2,1.09,1131
1,3,0,0,1.0,172.4,0.274,47.0,-42.7,72.2,1.75,2190,36.1,0.113,46.9,-29.9,72.2,0.77,1140
1,3,0,1,0.0,44.3,0.065,65.6,-27.1,66.7,0.6,3479,13.3,0.038,65.7,-16.0,50.0,0.36,1848
1,3,0,1,0.5,56.5,0.083,66.4,-26.7,69.4,0.77,3413,24.3,0.07,64.7,-12.3,55.6,0.66,1829
1,3,0,1,1.0,42.5,0.063,65.0,-24.2,69.4,0.58,3422,15.3,0.044,63.0,-21.6,50.0,0.43,1794
1,3,2,0,0.0,10.0,0.017,41.8,-71.4,47.2,0.14,1595,5.8,0.019,43.1,-38.7,66.7,0.16,811
1,3,2,0,0.5,29.2,0.049,43.5,-56.6,47.2,0.4,1607,9.9,0.032,45.0,-36.2,66.7,0.27,822
1,3,2,0,1.0,29.9,0.05,43.0,-53.9,47.2,0.4,1606,4.4,0.014,44.6,-37.9,66.7,0.12,822
1,3,2,1,0.0,-9.1,-0.014,55.0,-26.3,55.6,-0.17,1745,-25.9,-0.081,51.7,-43.8,50.0,-0.98,897
1,3,2,1,0.5,6.4,0.01,55.9,-18.7,61.1,0.12,1737,-40.3,-0.125,49.8,-49.5,44.4,-1.53,891
1,3,2,1,1.0,-9.8,-0.016,54.8,-26.5,55.6,-0.18,1731,-44.2,-0.137,48.0,-56.3,44.4,-1.69,888
1,3,4,0,0.0,78.3,0.125,46.4,-39.5,52.8,0.89,1996,53.2,0.167,46.4,-25.3,72.2,1.22,1022
1,3,4,0,0.5,91.0,0.144,46.7,-33.0,63.9,1.01,2039,29.0,0.091,45.9,-21.1,55.6,0.69,1047
1,3,4,0,1.0,93.2,0.148,46.3,-35.1,61.1,1.01,2036,31.0,0.097,44.9,-26.9,50.0,0.67,1050
1,3,4,1,0.0,34.5,0.052,62.3,-26.9,50.0,0.53,2791,-1.4,-0.004,58.4,-35.4,44.4,-0.04,1420
1,3,4,1,0.5,40.0,0.061,62.3,-20.9,61.1,0.63,2759,5.5,0.016,57.1,-25.2,50.0,0.17,1388
1,3,4,1,1.0,22.2,0.034,61.2,-32.4,61.1,0.35,2721,9.2,0.027,56.3,-25.0,50.0,0.28,1385
1,3,8,0,0.0,167.1,0.27,49.6,-33.3,66.7,1.76,2152,20.1,0.063,43.6,-33.6,61.1,0.44,1123
1,3,8,0,0.5,186.0,0.298,49.3,-20.4,69.4,2.0,2166,35.6,0.111,46.7,-29.2,66.7,0.77,1135
1,3,8,0,1.0,177.5,0.283,47.5,-40.9,69.4,1.84,2195,37.7,0.117,46.1,-28.2,61.1,0.8,1137
1,3,8,1,0.0,38.0,0.055,64.0,-25.8,63.9,0.51,3425,6.7,0.019,65.4,-18.9,50.0,0.18,1809
1,3,8,1,0.5,39.5,0.058,64.7,-25.3,61.1,0.54,3376,27.5,0.08,64.9,-11.4,61.1,0.78,1752
1,3,8,1,1.0,33.6,0.05,64.0,-24.0,63.9,0.46,3348,14.0,0.041,62.7,-19.3,61.1,0.41,1726
2,0,0,0,0.0,223.6,0.348,49.5,-16.7,83.3,2.4,2355,108.5,0.333,52.1,-19.3,77.8,2.2,1220
2,0,0,0,0.5,244.8,0.383,49.5,-17.2,88.9,2.5,2352,127.4,0.391,52.5,-16.1,77.8,2.61,1207
2,0,0,0,1.0,275.5,0.428,51.2,-19.8,94.4,2.65,2339,110.6,0.341,51.5,-16.8,77.8,2.2,1203
2,0,0,1,0.0,-1.2,-0.002,50.2,-54.4,58.3,-0.01,3114,-16.6,-0.048,46.8,-45.2,55.6,-0.34,1658
2,0,0,1,0.5,-3.2,-0.005,49.8,-50.0,52.8,-0.03,3085,-37.4,-0.11,46.3,-77.4,38.9,-0.77,1630
2,0,0,1,1.0,-24.1,-0.038,48.9,-56.6,55.6,-0.23,3077,-10.7,-0.032,46.6,-50.5,55.6,-0.23,1576
2,0,2,0,0.0,18.6,0.031,42.6,-61.4,47.2,0.25,1634,21.8,0.071,45.1,-30.5,61.1,0.59,830
2,0,2,0,0.5,9.5,0.016,43.1,-62.5,47.2,0.13,1640,17.0,0.056,46.4,-29.3,61.1,0.46,835
2,0,2,0,1.0,14.6,0.024,43.7,-59.5,50.0,0.2,1639,10.6,0.035,46.4,-32.1,61.1,0.28,836
2,0,2,1,0.0,10.6,0.018,42.9,-20.6,55.6,0.17,1693,-7.6,-0.025,41.2,-34.7,50.0,-0.24,883
2,0,2,1,0.5,16.0,0.027,43.1,-22.7,55.6,0.25,1688,-17.4,-0.058,40.7,-41.8,55.6,-0.56,874
2,0,2,1,1.0,14.6,0.025,43.1,-24.5,52.8,0.23,1679,-28.6,-0.095,40.7,-51.1,55.6,-0.91,873
2,0,4,0,0.0,111.2,0.175,47.3,-32.4,66.7,1.23,2144,72.7,0.225,47.7,-25.7,55.6,1.61,1089
2,0,4,0,0.5,119.6,0.187,47.0,-35.0,63.9,1.27,2161,68.2,0.207,48.0,-25.8,61.1,1.49,1098
2,0,4,0,1.0,118.2,0.185,47.1,-36.4,63.9,1.21,2161,63.9,0.197,48.0,-26.0,55.6,1.39,1095
2,0,4,1,0.0,19.7,0.031,45.0,-44.7,47.2,0.24,2572,29.6,0.089,45.0,-22.9,50.0,0.7,1312
2,0,4,1,0.5,-1.5,-0.002,44.0,-43.1,50.0,-0.02,2545,42.2,0.13,47.1,-18.8,61.1,1.03,1269
2,0,4,1,1.0,23.2,0.037,45.6,-43.6,58.3,0.28,2557,45.4,0.141,47.4,-20.5,66.7,1.1,1277
2,0,8,0,0.0,217.8,0.342,49.1,-21.6,80.6,2.33,2319,100.8,0.308,51.7,-15.6,66.7,2.12,1202
2,0,8,0,0.5,269.6,0.423,50.2,-17.2,88.9,2.72,2325,100.4,0.307,51.1,-19.8,72.2,2.14,1189
2,0,8,0,1.0,273.9,0.425,50.4,-21.0,88.9,2.59,2319,113.2,0.347,51.2,-20.4,66.7,2.31,1174
2,0,8,1,0.0,27.4,0.043,49.7,-42.1,61.1,0.29,3004,14.1,0.042,48.8,-39.8,61.1,0.3,1589
2,0,8,1,0.5,30.9,0.048,50.0,-41.5,58.3,0.33,2989,-16.8,-0.05,47.2,-48.5,44.4,-0.35,1547
2,0,8,1,1.0,-14.0,-0.022,48.5,-62.0,63.9,-0.15,2999,8.4,0.025,46.8,-33.8,50.0,0.18,1510
2,1,0,0,0.0,149.4,0.232,46.4,-38.8,66.7,1.65,2102,51.4,0.16,47.4,-35.2,55.6,1.15,1042
2,1,0,0,0.5,147.6,0.23,47.5,-36.3,66.7,1.63,2131,52.9,0.166,46.5,-24.8,50.0,1.13,1051
2,1,0,0,1.0,157.2,0.246,46.9,-22.8,72.2,1.75,2125,49.9,0.158,47.3,-21.9,61.1,1.08,1058
2,1,0,1,0.0,-69.0,-0.104,30.9,-83.3,30.6,-1.08,3344,-5.0,-0.014,34.2,-22.3,55.6,-0.15,1783
2,1,0,1,0.5,-69.8,-0.105,31.6,-83.3,30.6,-1.11,3328,-7.8,-0.022,34.0,-22.1,50.0,-0.23,1785
2,1,0,1,1.0,-64.1,-0.096,31.3,-63.5,30.6,-1.02,3376,-4.3,-0.012,34.1,-24.2,50.0,-0.12,1814
2,1,2,0,0.0,32.3,0.055,43.0,-56.3,55.6,0.45,1557,29.2,0.096,44.9,-30.0,66.7,0.83,797
2,1,2,0,0.5,28.6,0.048,44.4,-56.9,55.6,0.4,1578,32.5,0.108,46.7,-26.2,61.1,0.89,801
2,1,2,0,1.0,25.1,0.042,43.9,-56.6,55.6,0.35,1580,27.1,0.09,46.0,-26.5,61.1,0.73,802
2,1,2,1,0.0,-2.5,-0.004,35.3,-27.3,38.9,-0.05,1752,-0.4,-0.001,36.7,-23.0,55.6,-0.01,905
2,1,2,1,0.5,-17.3,-0.028,35.1,-34.2,36.1,-0.33,1737,-11.9,-0.037,35.2,-26.6,55.6,-0.46,890
2,1,2,1,1.0,-18.0,-0.029,35.4,-25.8,30.6,-0.35,1726,-16.1,-0.051,35.5,-28.8,55.6,-0.63,889
2,1,4,0,0.0,49.9,0.079,44.3,-45.1,50.0,0.6,1915,45.1,0.142,45.6,-34.1,50.0,1.04,984
2,1,4,0,0.5,38.8,0.062,42.9,-35.6,58.3,0.48,1955,64.1,0.2,47.8,-21.9,66.7,1.49,990
2,1,4,0,1.0,34.0,0.054,43.1,-32.1,55.6,0.41,1958,37.4,0.117,47.0,-32.4,66.7,0.86,991
2,1,4,1,0.0,-46.3,-0.071,31.0,-62.3,38.9,-0.78,2727,25.1,0.074,36.5,-19.5,72.2,0.76,1397
2,1,4,1,0.5,-84.4,-0.128,29.6,-86.6,27.8,-1.48,2707,14.7,0.043,35.5,-19.1,66.7,0.46,1379
2,1,4,1,1.0,-66.6,-0.102,30.8,-75.4,30.6,-1.18,2689,6.0,0.017,35.2,-20.3,50.0,0.19,1388
2,1,8,0,0.0,131.3,0.205,46.2,-49.8,63.9,1.46,2094,48.5,0.152,46.9,-37.2,55.6,1.07,1035
2,1,8,0,0.5,110.3,0.173,46.5,-47.0,63.9,1.23,2126,58.5,0.184,47.2,-26.7,55.6,1.24,1045
2,1,8,0,1.0,118.6,0.187,45.8,-26.4,69.4,1.33,2120,64.2,0.202,48.7,-23.6,55.6,1.37,1049
2,1,8,1,0.0,-65.9,-0.099,31.1,-80.7,33.3,-1.03,3339,3.7,0.01,34.7,-24.1,55.6,0.11,1779
2,1,8,1,0.5,-72.2,-0.108,31.5,-86.0,30.6,-1.14,3326,-6.5,-0.018,33.8,-28.3,55.6,-0.19,1792
2,1,8,1,1.0,-64.6,-0.097,31.6,-66.6,33.3,-1.03,3350,-5.4,-0.015,33.5,-31.5,44.4,-0.16,1808
2,2,0,0,0.0,177.2,0.27,48.3,-32.0,72.2,1.9,2265,59.5,0.187,45.1,-33.3,50.0,1.27,1118
2,2,0,0,0.5,161.1,0.247,48.0,-34.1,69.4,1.69,2306,63.1,0.198,47.5,-25.1,55.6,1.32,1129
2,2,0,0,1.0,160.6,0.249,47.8,-41.6,63.9,1.61,2266,59.3,0.185,46.9,-25.1,61.1,1.21,1143
2,2,0,1,0.0,-65.1,-0.102,41.8,-79.3,41.7,-0.81,3151,4.2,0.012,44.7,-24.1,50.0,0.1,1656
2,2,0,1,0.5,-63.7,-0.099,41.4,-90.2,36.1,-0.82,3108,-0.4,-0.001,44.8,-27.0,50.0,-0.01,1676
2,2,0,1,1.0,-52.7,-0.083,40.9,-89.7,41.7,-0.69,3078,-8.2,-0.024,43.3,-30.1,44.4,-0.2,1652
2,2,2,0,0.0,27.9,0.047,43.1,-61.7,50.0,0.39,1618,29.4,0.096,45.6,-28.5,61.1,0.8,824
2,2,2,0,0.5,18.1,0.03,43.5,-62.8,52.8,0.25,1629,26.7,0.087,47.2,-27.7,61.1,0.72,830
2,2,2,0,1.0,24.5,0.041,44.1,-59.8,55.6,0.33,1626,20.0,0.065,46.9,-29.9,61.1,0.53,833
2,2,2,1,0.0,11.4,0.02,41.5,-22.7,52.8,0.19,1703,-5.3,-0.017,40.1,-31.6,50.0,-0.17,888
2,2,2,1,0.5,17.1,0.029,41.8,-21.0,50.0,0.28,1693,-18.5,-0.062,39.3,-41.3,55.6,-0.64,879
2,2,2,1,1.0,19.7,0.033,41.6,-23.5,52.8,0.33,1679,-25.3,-0.084,40.4,-41.6,44.4,-0.87,877
2,2,4,0,0.0,134.3,0.211,46.9,-17.4,66.7,1.52,2071,99.2,0.308,48.8,-20.1,61.1,2.15,1033
2,2,4,0,0.5,119.1,0.188,47.2,-23.8,66.7,1.37,2085,91.6,0.278,47.4,-21.2,61.1,1.99,1041
2,2,4,0,1.0,105.5,0.166,46.2,-26.8,61.1,1.18,2083,56.4,0.172,45.4,-21.3,55.6,1.22,1062
2,2,4,1,0.0,6.1,0.01,41.6,-27.4,50.0,0.08,2579,33.2,0.099,43.4,-19.3,61.1,0.86,1335
2,2,4,1,0.5,-26.0,-0.042,40.4,-43.7,47.2,-0.36,2577,16.7,0.052,42.5,-29.2,50.0,0.46,1289
2,2,4,1,1.0,-8.6,-0.014,41.2,-41.0,50.0,-0.12,2570,10.7,0.033,41.4,-34.9,50.0,0.29,1316
2,2,8,0,0.0,149.6,0.232,46.9,-43.2,69.4,1.58,2254,56.6,0.177,46.1,-31.2,50.0,1.2,1118
2,2,8,0,0.5,140.5,0.218,46.8,-41.5,63.9,1.48,2292,62.6,0.198,47.6,-25.2,55.6,1.31,1118
2,2,8,0,1.0,159.2,0.247,47.7,-41.6,66.7,1.59,2259,57.7,0.179,48.4,-25.1,66.7,1.17,1129
2,2,8,1,0.0,-83.0,-0.129,41.5,-97.3,41.7,-1.03,3134,11.1,0.033,44.8,-30.8,50.0,0.27,1651
2,2,8,1,0.5,-70.2,-0.108,41.6,-91.7,38.9,-0.9,3098,-6.7,-0.02,43.7,-26.8,50.0,-0.16,1634
2,2,8,1,1.0,-63.9,-0.1,41.3,-86.0,38.9,-0.83,3103,-5.3,-0.016,42.5,-33.1,50.0,-0.13,1639
2,3,0,0,0.0,196.2,0.307,49.9,-30.3,75.0,2.08,2293,67.9,0.216,51.7,-28.3,66.7,1.47,1166
2,3,0,0,0.5,261.9,0.405,50.8,-25.1,80.6,2.72,2326,72.7,0.228,47.3,-23.8,61.1,1.54,1165
2,3,0,0,1.0,293.0,0.451,50.4,-26.3,88.9,2.91,2326,96.1,0.302,47.8,-23.7,66.7,1.97,1158
2,3,0,1,0.0,23.8,0.038,47.9,-43.4,58.3,0.28,3112,36.4,0.111,50.0,-25.0,55.6,0.82,1622
2,3,0,1,0.5,5.4,0.009,47.2,-56.7,50.0,0.06,3055,6.0,0.018,47.0,-31.1,50.0,0.13,1630
2,3,0,1,1.0,-23.9,-0.038,45.2,-66.0,52.8,-0.28,3052,16.2,0.049,46.0,-25.6,55.6,0.38,1555
2,3,2,0,0.0,18.6,0.031,42.6,-61.4,47.2,0.25,1634,21.8,0.071,45.1,-30.5,61.1,0.59,830
2,3,2,0,0.5,13.3,0.022,43.2,-62.5,50.0,0.18,1638,17.0,0.056,46.4,-29.3,61.1,0.46,835
2,3,2,0,1.0,18.8,0.031,43.8,-59.5,52.8,0.25,1637,12.1,0.04,46.4,-30.6,61.1,0.32,835
2,3,2,1,0.0,1.8,0.003,42.0,-30.3,55.6,0.03,1697,-4.7,-0.015,41.0,-33.6,55.6,-0.15,884
2,3,2,1,0.5,12.9,0.022,42.7,-23.6,58.3,0.21,1688,-10.7,-0.036,41.0,-37.3,61.1,-0.35,874
2,3,2,1,1.0,6.7,0.011,42.6,-27.8,55.6,0.11,1682,-19.7,-0.065,41.1,-41.8,55.6,-0.65,873
2,3,4,0,0.0,108.0,0.17,47.4,-33.8,66.7,1.2,2117,89.9,0.279,48.8,-24.0,55.6,2.07,1067
2,3,4,0,0.5,116.0,0.182,47.1,-32.2,66.7,1.24,2138,83.2,0.253,48.0,-24.5,61.1,1.85,1073
2,3,4,0,1.0,110.6,0.173,47.4,-32.7,69.4,1.14,2134,89.8,0.275,47.7,-24.6,55.6,1.84,1075
2,3,4,1,0.0,-12.2,-0.02,42.9,-43.8,41.7,-0.15,2564,37.3,0.113,44.8,-19.9,66.7,0.91,1312
2,3,4,1,0.5,-14.0,-0.023,43.4,-40.1,44.4,-0.18,2531,40.2,0.125,46.0,-23.3,61.1,1.02,1274
2,3,4,1,1.0,14.6,0.023,45.0,-39.4,55.6,0.18,2542,48.3,0.15,46.1,-23.3,61.1,1.23,1295
2,3,8,0,0.0,159.9,0.252,48.6,-38.9,69.4,1.71,2291,61.0,0.191,48.9,-28.2,61.1,1.3,1166
2,3,8,0,0.5,189.5,0.294,48.4,-45.2,69.4,1.99,2318,73.3,0.227,48.1,-27.8,55.6,1.58,1167
2,3,8,0,1.0,236.0,0.364,48.9,-42.9,75.0,2.37,2317,96.8,0.301,48.8,-28.0,61.1,1.94,1154
2,3,8,1,0.0,46.3,0.073,49.3,-39.6,63.9,0.53,3076,40.3,0.123,49.2,-31.1,61.1,0.93,1600
2,3,8,1,0.5,16.0,0.025,48.1,-47.8,55.6,0.19,3031,6.4,0.019,46.5,-41.9,50.0,0.15,1590
2,3,8,1,1.0,-31.6,-0.05,45.8,-65.2,55.6,-0.37,3027,22.7,0.07,45.4,-31.8,50.0,0.54,1535
3,0,0,0,0.0,239.4,0.37,49.8,-28.4,77.8,2.5,2439,115.6,0.351,51.7,-16.7,77.8,2.19,1238
3,0,0,0,0.5,246.1,0.381,50.2,-25.2,80.6,2.48,2417,119.4,0.364,51.8,-18.9,77.8,2.32,1250
3,0,0,0,1.0,280.4,0.435,51.1,-19.7,77.8,2.67,2382,106.4,0.324,52.9,-20.0,66.7,2.07,1271
3,0,0,1,0.0,33.7,0.053,42.1,-52.4,52.8,0.32,2947,-4.8,-0.015,39.5,-64.9,61.1,-0.09,1529
3,0,0,1,0.5,14.0,0.022,43.0,-46.1,55.6,0.13,2894,-10.9,-0.033,40.8,-67.0,55.6,-0.21,1506
3,0,0,1,1.0,7.8,0.012,42.7,-41.5,52.8,0.07,2859,-17.9,-0.055,40.7,-77.5,50.0,-0.35,1495
3,0,2,0,0.0,19.2,0.032,42.8,-64.3,50.0,0.26,1644,19.0,0.062,45.1,-27.3,61.1,0.52,840
3,0,2,0,0.5,16.3,0.027,43.8,-59.6,50.0,0.23,1647,7.0,0.023,46.1,-28.3,50.0,0.19,845
3,0,2,0,1.0,17.0,0.028,44.1,-54.4,50.0,0.23,1644,-0.3,-0.001,46.1,-33.8,50.0,-0.01,845
3,0,2,1,0.0,56.1,0.095,42.4,-31.7,63.9,0.8,1677,8.2,0.027,41.6,-39.5,61.1,0.23,861
3,0,2,1,0.5,48.3,0.082,42.4,-39.4,66.7,0.69,1674,6.3,0.021,41.1,-37.0,61.1,0.18,851
3,0,2,1,1.0,44.6,0.076,42.0,-33.1,63.9,0.64,1672,1.6,0.005,42.8,-32.0,50.0,0.05,848
3,0,4,0,0.0,146.4,0.228,47.3,-24.8,63.9,1.59,2198,59.9,0.183,47.6,-26.9,55.6,1.3,1123
3,0,4,0,0.5,148.1,0.231,47.7,-25.6,63.9,1.58,2201,67.8,0.207,47.1,-27.2,66.7,1.43,1129
3,0,4,0,1.0,144.8,0.226,47.9,-27.4,66.7,1.48,2200,62.4,0.192,46.5,-27.6,66.7,1.28,1133
3,0,4,1,0.0,38.9,0.062,40.3,-41.2,55.6,0.44,2448,45.9,0.142,41.5,-24.1,55.6,1.01,1264
3,0,4,1,0.5,63.5,0.101,41.2,-29.9,63.9,0.72,2460,15.4,0.048,39.8,-25.2,66.7,0.33,1271
3,0,4,1,1.0,79.3,0.126,42.3,-18.9,63.9,0.9,2420,29.2,0.09,39.6,-28.4,55.6,0.65,1242
3,0,8,0,0.0,253.9,0.39,51.2,-28.7,80.6,2.65,2417,113.2,0.345,50.9,-21.3,83.3,2.29,1211
3,0,8,0,0.5,262.8,0.402,50.9,-26.6,86.1,2.69,2407,120.3,0.361,50.5,-19.2,77.8,2.39,1238
3,0,8,0,1.0,288.1,0.443,51.5,-19.7,91.7,2.79,2401,127.8,0.387,52.1,-19.8,66.7,2.53,1232
3,0,8,1,0.0,67.2,0.107,42.8,-33.8,50.0,0.67,2839,-4.0,-0.012,38.2,-57.6,55.6,-0.08,1465
3,0,8,1,0.5,13.6,0.022,41.4,-45.6,52.8,0.14,2799,-21.3,-0.066,38.8,-69.9,50.0,-0.41,1453
3,0,8,1,1.0,0.2,0.0,41.2,-45.1,52.8,0.0,2796,-28.1,-0.087,39.1,-67.9,38.9,-0.56,1432
3,1,0,0,0.0,124.7,0.195,45.2,-65.4,58.3,1.34,2119,25.4,0.079,43.3,-36.7,38.9,0.55,1061
3,1,0,0,0.5,218.2,0.347,48.1,-37.4,66.7,2.29,2152,41.0,0.129,45.5,-22.6,50.0,0.84,1088
3,1,0,0,1.0,173.4,0.272,46.6,-29.7,66.7,1.87,2164,41.7,0.131,44.2,-23.1,50.0,0.83,1106
3,1,0,1,0.0,-41.7,-0.063,27.2,-59.7,44.4,-0.57,3317,-3.5,-0.01,27.7,-29.6,44.4,-0.09,1754
3,1,0,1,0.5,-46.5,-0.072,27.7,-54.7,44.4,-0.66,3195,34.6,0.101,30.6,-16.5,66.7,0.85,1749
3,1,0,1,1.0,-26.9,-0.041,28.5,-49.8,44.4,-0.37,3204,3.8,0.011,30.4,-34.6,50.0,0.1,1714
3,1,2,0,0.0,24.6,0.041,42.9,-60.8,58.3,0.35,1572,21.8,0.072,44.4,-29.0,61.1,0.62,805
3,1,2,0,0.5,28.1,0.047,44.5,-56.6,55.6,0.4,1591,21.8,0.072,46.2,-25.4,55.6,0.61,812
3,1,2,0,1.0,23.1,0.039,43.6,-56.2,52.8,0.32,1590,15.5,0.051,45.5,-26.4,55.6,0.43,812
3,1,2,1,0.0,7.9,0.013,35.5,-43.7,58.3,0.14,1733,3.5,0.011,36.3,-24.6,55.6,0.12,891
3,1,2,1,0.5,18.3,0.03,36.7,-38.6,61.1,0.32,1714,-0.0,-0.0,38.4,-17.7,50.0,-0.0,872
3,1,2,1,1.0,7.7,0.013,34.5,-37.1,58.3,0.14,1726,-3.3,-0.011,37.9,-20.6,44.4,-0.12,859
3,1,4,0,0.0,43.0,0.068,43.2,-51.5,44.4,0.52,1957,43.7,0.137,45.0,-38.2,44.4,1.01,1000
3,1,4,0,0.5,63.7,0.101,43.3,-28.1,52.8,0.78,1985,53.2,0.167,46.1,-27.9,55.6,1.12,1014
3,1,4,0,1.0,40.8,0.064,42.8,-32.1,50.0,0.48,1980,41.8,0.132,45.1,-40.0,50.0,0.87,1019
3,1,4,1,0.0,-27.9,-0.043,29.4,-57.3,47.2,-0.42,2699,20.9,0.062,32.6,-20.8,50.0,0.56,1374
3,1,4,1,0.5,-35.1,-0.054,29.6,-45.9,36.1,-0.54,2669,32.7,0.098,32.6,-19.8,61.1,0.87,1355
3,1,4,1,1.0,-25.3,-0.039,30.9,-42.3,47.2,-0.39,2636,25.4,0.076,32.7,-17.8,61.1,0.71,1326
3,1,8,0,0.0,91.0,0.142,44.1,-75.7,55.6,0.98,2136,25.0,0.077,43.0,-37.8,38.9,0.54,1056
3,1,8,0,0.5,169.5,0.27,46.8,-37.4,66.7,1.81,2175,52.6,0.165,46.1,-24.7,61.1,1.07,1079
3,1,8,0,1.0,115.0,0.18,44.7,-38.3,66.7,1.26,2177,45.1,0.14,46.0,-25.2,50.0,0.89,1097
3,1,8,1,0.0,-38.7,-0.059,27.4,-57.2,38.9,-0.53,3309,2.6,0.007,28.8,-33.5,44.4,0.06,1755
3,1,8,1,0.5,-40.7,-0.063,28.1,-60.9,44.4,-0.57,3184,29.3,0.085,30.4,-18.9,61.1,0.72,1729
3,1,8,1,1.0,-19.1,-0.029,28.8,-42.5,41.7,-0.27,3187,-2.1,-0.006,30.4,-34.0,50.0,-0.06,1708
3,2,0,0,0.0,228.5,0.352,51.2,-26.3,72.2,2.41,2302,60.7,0.187,45.7,-25.0,66.7,1.3,1160
3,2,0,0,0.5,219.3,0.337,51.0,-29.5,69.4,2.24,2299,68.5,0.212,48.5,-21.7,66.7,1.45,1167
3,2,0,0,1.0,238.9,0.37,51.9,-32.1,77.8,2.38,2284,60.6,0.186,49.4,-32.0,66.7,1.27,1178
3,2,0,1,0.0,-63.5,-0.101,34.2,-83.0,38.9,-0.73,3033,14.5,0.044,36.3,-40.3,55.6,0.3,1609
3,2,0,1,0.5,-34.3,-0.054,35.2,-65.0,44.4,-0.4,2939,25.9,0.079,39.3,-33.5,66.7,0.57,1566
3,2,0,1,1.0,-34.4,-0.055,35.9,-67.2,50.0,-0.41,2859,5.3,0.016,37.5,-40.5,50.0,0.12,1563
3,2,2,0,0.0,22.8,0.038,43.1,-65.5,50.0,0.32,1635,27.7,0.09,45.6,-24.3,61.1,0.76,833
3,2,2,0,0.5,25.1,0.042,44.1,-60.5,55.6,0.35,1638,15.6,0.051,46.6,-26.7,55.6,0.43,839
3,2,2,0,1.0,27.1,0.045,44.2,-55.3,55.6,0.37,1633,8.2,0.027,46.3,-29.9,55.6,0.22,841
3,2,2,1,0.0,35.3,0.061,40.4,-37.9,66.7,0.53,1682,6.1,0.021,40.8,-29.2,50.0,0.19,872
3,2,2,1,0.5,46.0,0.079,41.6,-40.6,58.3,0.7,1673,7.6,0.025,40.2,-29.6,50.0,0.23,857
3,2,2,1,1.0,42.4,0.073,40.7,-33.8,63.9,0.64,1673,4.5,0.015,41.5,-24.3,55.6,0.14,853
3,2,4,0,0.0,129.1,0.203,45.7,-21.4,72.2,1.45,2140,66.7,0.205,45.7,-24.5,66.7,1.41,1074
3,2,4,0,0.5,143.8,0.227,47.5,-20.8,69.4,1.63,2131,77.1,0.234,44.5,-18.9,66.7,1.56,1085
3,2,4,0,1.0,132.6,0.21,46.5,-20.9,66.7,1.48,2122,74.7,0.228,43.6,-19.1,61.1,1.44,1088
3,2,4,1,0.0,9.9,0.016,37.3,-36.6,44.4,0.12,2524,22.6,0.07,37.4,-25.8,44.4,0.53,1289
3,2,4,1,0.5,34.9,0.056,38.7,-37.5,63.9,0.44,2514,17.7,0.056,37.4,-28.8,55.6,0.42,1282
3,2,4,1,1.0,33.8,0.054,38.5,-39.0,55.6,0.43,2466,39.7,0.124,38.6,-23.5,55.6,0.95,1261
3,2,8,0,0.0,164.1,0.255,49.1,-40.7,69.4,1.77,2328,84.7,0.261,49.8,-24.0,66.7,1.8,1165
3,2,8,0,0.5,175.0,0.272,50.6,-33.6,63.9,1.86,2308,78.9,0.245,49.1,-25.6,66.7,1.56,1153
3,2,8,0,1.0,196.7,0.307,51.2,-32.1,75.0,1.99,2294,74.7,0.231,49.2,-32.0,72.2,1.46,1151
3,2,8,1,0.0,-37.7,-0.06,35.6,-57.8,44.4,-0.43,3030,5.1,0.015,35.8,-42.5,50.0,0.11,1594
3,2,8,1,0.5,-20.3,-0.032,36.3,-59.1,50.0,-0.24,2935,25.9,0.079,38.9,-23.0,55.6,0.56,1555
3,2,8,1,1.0,-18.6,-0.03,37.1,-63.6,55.6,-0.22,2874,3.1,0.009,37.8,-37.5,44.4,0.07,1556
3,3,0,0,0.0,249.2,0.385,50.0,-34.5,75.0,2.59,2372,68.6,0.213,48.1,-26.4,66.7,1.4,1195
3,3,0,0,0.5,287.0,0.438,52.5,-37.0,80.6,2.88,2375,76.9,0.237,48.9,-28.4,66.7,1.5,1207
3,3,0,0,1.0,261.4,0.403,51.6,-37.1,80.6,2.53,2352,97.6,0.302,50.5,-28.6,66.7,1.82,1196
3,3,0,1,0.0,-58.1,-0.094,37.9,-100.2,38.9,-0.62,2959,10.3,0.032,40.3,-35.5,50.0,0.21,1533
3,3,0,1,0.5,-70.0,-0.112,37.8,-94.1,44.4,-0.75,2946,13.0,0.04,39.9,-39.7,55.6,0.27,1528
3,3,0,1,1.0,-87.2,-0.138,37.9,-105.5,41.7,-0.91,2921,1.8,0.006,39.9,-41.4,44.4,0.04,1507
3,3,2,0,0.0,19.2,0.032,42.8,-64.3,50.0,0.26,1644,19.0,0.062,45.1,-27.3,61.1,0.52,840
3,3,2,0,0.5,21.4,0.036,44.0,-59.6,52.8,0.3,1646,7.0,0.023,46.1,-28.3,50.0,0.19,845
3,3,2,0,1.0,22.6,0.038,44.3,-54.4,52.8,0.31,1643,1.2,0.004,46.1,-32.3,50.0,0.03,844
3,3,2,1,0.0,41.0,0.07,42.2,-43.1,66.7,0.59,1677,10.8,0.036,41.4,-34.6,61.1,0.31,862
3,3,2,1,0.5,44.2,0.075,42.7,-51.9,66.7,0.64,1672,8.3,0.028,40.9,-34.5,61.1,0.24,851
3,3,2,1,1.0,47.3,0.081,42.4,-37.0,69.4,0.68,1674,10.6,0.035,42.8,-29.4,50.0,0.31,849
3,3,4,0,0.0,148.8,0.233,46.9,-24.3,69.4,1.6,2173,66.0,0.201,46.6,-23.5,55.6,1.46,1107
3,3,4,0,0.5,151.3,0.236,47.4,-24.9,69.4,1.61,2179,71.9,0.219,47.0,-23.9,66.7,1.54,1115
3,3,4,0,1.0,139.6,0.217,48.1,-28.3,69.4,1.41,2185,74.1,0.228,45.8,-24.3,66.7,1.45,1114
3,3,4,1,0.0,3.6,0.006,38.3,-35.6,50.0,0.04,2447,39.8,0.124,40.2,-17.1,66.7,0.88,1274
3,3,4,1,0.5,37.4,0.061,39.8,-37.6,61.1,0.44,2446,45.8,0.145,39.9,-19.7,83.3,1.02,1275
3,3,4,1,1.0,62.1,0.101,41.4,-23.4,66.7,0.74,2413,32.2,0.102,38.8,-26.5,66.7,0.73,1258
3,3,8,0,0.0,149.8,0.231,47.7,-43.5,69.4,1.61,2371,57.8,0.179,48.9,-24.9,61.1,1.22,1188
3,3,8,0,0.5,218.6,0.336,50.5,-45.3,77.8,2.27,2377,93.6,0.285,48.8,-28.6,66.7,1.84,1200
3,3,8,0,1.0,180.5,0.279,48.9,-42.9,72.2,1.81,2369,104.6,0.317,49.7,-26.8,66.7,2.06,1217
3,3,8,1,0.0,-10.5,-0.017,39.4,-55.3,38.9,-0.11,2909,7.8,0.024,38.6,-42.2,61.1,0.16,1508
3,3,8,1,0.5,-10.6,-0.017,39.9,-58.1,52.8,-0.11,2872,9.6,0.03,39.2,-45.7,50.0,0.2,1487
3,3,8,1,1.0,-37.0,-0.058,39.9,-78.5,50.0,-0.39,2858,-1.8,-0.006,40.6,-41.5,44.4,-0.04,1467
5,0,0,0,0.0,321.7,0.485,54.1,-14.3,86.1,3.36,2502,115.1,0.347,50.9,-13.9,72.2,2.21,1290
5,0,0,0,0.5,316.9,0.48,53.8,-15.6,86.1,3.16,2499,126.2,0.383,51.5,-13.7,88.9,2.37,1288
5,0,0,0,1.0,298.7,0.453,53.4,-29.1,80.6,2.76,2499,119.1,0.356,51.5,-14.4,83.3,2.16,1304
5,0,0,1,0.0,116.6,0.185,42.4,-27.9,66.7,1.05,2726,-0.7,-0.002,40.2,-36.0,61.1,-0.01,1432
5,0,0,1,0.5,126.6,0.201,43.9,-23.1,75.0,1.16,2731,20.6,0.062,41.3,-30.0,50.0,0.37,1394
5,0,0,1,1.0,123.6,0.195,45.0,-27.4,75.0,1.08,2708,44.3,0.133,43.8,-28.2,61.1,0.8,1372
5,0,2,0,0.0,20.3,0.034,42.7,-61.0,50.0,0.28,1650,12.8,0.042,44.8,-27.7,61.1,0.36,849
5,0,2,0,0.5,21.0,0.035,44.1,-53.8,50.0,0.29,1647,7.8,0.025,45.8,-27.1,55.6,0.22,849
5,0,2,0,1.0,18.4,0.031,44.0,-51.9,50.0,0.25,1647,0.7,0.002,46.1,-32.9,50.0,0.02,849
5,0,2,1,0.0,67.4,0.113,42.2,-33.4,66.7,0.87,1658,4.1,0.014,39.9,-33.2,55.6,0.1,854
5,0,2,1,0.5,62.0,0.104,42.5,-25.2,63.9,0.81,1658,6.2,0.021,41.6,-30.9,61.1,0.16,852
5,0,2,1,1.0,61.8,0.104,42.3,-27.0,66.7,0.78,1650,9.0,0.03,42.3,-33.5,55.6,0.23,855
5,0,4,0,0.0,177.5,0.275,49.1,-30.4,69.4,1.92,2235,69.3,0.213,47.2,-28.8,66.7,1.47,1156
5,0,4,0,0.5,175.6,0.274,48.9,-31.2,69.4,1.87,2235,65.4,0.202,46.4,-29.1,61.1,1.35,1160
5,0,4,0,1.0,179.7,0.28,48.8,-32.1,69.4,1.83,2233,63.4,0.196,46.1,-29.5,61.1,1.27,1163
5,0,4,1,0.0,86.2,0.135,40.7,-33.9,69.4,0.92,2298,-6.5,-0.02,37.0,-48.5,50.0,-0.13,1227
5,0,4,1,0.5,79.8,0.125,41.5,-31.3,66.7,0.84,2297,9.3,0.029,38.6,-38.5,50.0,0.19,1231
5,0,4,1,1.0,65.2,0.102,41.3,-33.6,66.7,0.67,2324,17.4,0.055,38.4,-30.2,61.1,0.36,1214
5,0,8,0,0.0,273.1,0.41,52.0,-29.3,83.3,2.91,2503,119.3,0.357,50.6,-24.2,72.2,2.37,1266
5,0,8,0,0.5,255.5,0.388,51.9,-28.3,83.3,2.7,2498,127.9,0.384,51.1,-25.4,72.2,2.46,1275
5,0,8,0,1.0,277.2,0.421,52.4,-25.6,86.1,2.69,2490,116.4,0.349,50.3,-25.8,77.8,2.19,1273
5,0,8,1,0.0,122.8,0.195,42.1,-26.6,66.7,1.15,2635,18.7,0.057,40.7,-16.5,61.1,0.36,1361
5,0,8,1,0.5,105.6,0.168,42.4,-23.8,75.0,0.99,2614,63.0,0.193,41.9,-16.7,66.7,1.15,1349
5,0,8,1,1.0,119.3,0.188,43.4,-29.4,77.8,1.06,2644,64.1,0.2,42.5,-22.7,66.7,1.21,1332
5,1,0,0,0.0,124.1,0.192,45.6,-51.4,63.9,1.33,2222,47.1,0.142,44.3,-34.5,44.4,1.03,1117
5,1,0,0,0.5,214.3,0.337,47.1,-35.9,75.0,2.21,2248,55.1,0.171,44.6,-21.5,55.6,1.17,1114
5,1,0,0,1.0,203.1,0.32,47.1,-39.0,69.4,2.07,2239,59.5,0.184,45.4,-21.2,50.0,1.25,1117
5,1,0,1,0.0,50.2,0.076,30.4,-24.2,61.1,0.59,3085,30.4,0.091,28.5,-16.6,61.1,0.66,1578
5,1,0,1,0.5,13.1,0.02,29.5,-32.6,50.0,0.16,3120,14.8,0.045,31.1,-16.7,50.0,0.35,1565
5,1,0,1,1.0,24.6,0.038,32.0,-29.3,52.8,0.3,3134,-1.0,-0.003,29.8,-27.6,50.0,-0.02,1557
5,1,2,0,0.0,28.6,0.048,43.1,-59.4,58.3,0.4,1575,18.4,0.06,44.1,-27.7,66.7,0.53,812
5,1,2,0,0.5,34.4,0.058,44.9,-53.7,55.6,0.48,1593,22.6,0.074,45.9,-26.5,61.1,0.63,816
5,1,2,0,1.0,30.0,0.051,43.9,-53.2,52.8,0.41,1592,14.7,0.048,45.6,-26.5,55.6,0.4,814
5,1,2,1,0.0,40.8,0.066,35.7,-33.6,61.1,0.62,1712,7.0,0.022,38.2,-23.5,50.0,0.23,873
5,1,2,1,0.5,26.6,0.043,36.5,-31.6,47.2,0.42,1698,15.3,0.049,39.1,-23.2,50.0,0.49,856
5,1,2,1,1.0,32.1,0.053,35.7,-27.2,55.6,0.5,1699,25.3,0.081,39.5,-16.2,55.6,0.81,858
5,1,4,0,0.0,59.2,0.092,44.5,-44.2,50.0,0.72,1977,32.5,0.101,43.2,-38.6,50.0,0.77,1018
5,1,4,0,0.5,86.1,0.136,45.0,-29.2,55.6,1.04,2011,39.9,0.125,44.4,-26.5,44.4,0.91,1034
5,1,4,0,1.0,65.5,0.103,44.6,-32.1,52.8,0.78,2014,15.9,0.05,43.4,-41.9,44.4,0.36,1034
5,1,4,1,0.0,-21.1,-0.033,30.1,-51.5,47.2,-0.29,2602,24.0,0.072,33.9,-21.2,55.6,0.6,1315
5,1,4,1,0.5,-57.9,-0.089,29.5,-79.7,38.9,-0.82,2619,23.6,0.071,35.7,-18.7,61.1,0.61,1307
5,1,4,1,1.0,-36.7,-0.056,30.9,-62.1,41.7,-0.52,2578,1.0,0.003,33.2,-22.6,50.0,0.03,1279
5,1,8,0,0.0,79.7,0.124,43.9,-67.5,61.1,0.87,2227,28.8,0.087,44.2,-41.5,44.4,0.64,1119
5,1,8,0,0.5,165.5,0.261,46.4,-37.8,80.6,1.78,2264,50.3,0.156,45.8,-22.8,61.1,1.07,1116
5,1,8,0,1.0,154.4,0.245,45.8,-32.2,77.8,1.66,2248,44.1,0.137,45.0,-23.3,50.0,0.93,1112
5,1,8,1,0.0,42.9,0.065,30.9,-24.2,58.3,0.51,3053,38.0,0.115,30.1,-23.7,61.1,0.83,1587
5,1,8,1,0.5,3.7,0.006,30.0,-41.5,47.2,0.05,3068,37.7,0.115,33.4,-15.2,66.7,0.89,1534
5,1,8,1,1.0,20.2,0.03,31.8,-29.3,52.8,0.25,3107,24.0,0.072,33.6,-18.2,55.6,0.58,1515
5,2,0,0,0.0,267.0,0.411,50.5,-24.4,75.0,2.73,2373,13.6,0.042,44.0,-45.7,50.0,0.29,1236
5,2,0,0,0.5,273.1,0.418,51.4,-25.6,75.0,2.85,2349,89.6,0.276,49.5,-21.7,72.2,1.86,1224
5,2,0,0,1.0,283.2,0.436,51.8,-27.5,77.8,2.73,2362,75.3,0.232,49.5,-31.8,61.1,1.51,1217
5,2,0,1,0.0,30.8,0.048,36.2,-48.4,58.3,0.32,2913,52.5,0.162,38.9,-32.6,66.7,1.04,1477
5,2,0,1,0.5,107.1,0.168,37.7,-36.6,63.9,1.09,2888,65.3,0.203,40.2,-28.6,83.3,1.3,1444
5,2,0,1,1.0,95.4,0.152,40.0,-40.3,58.3,1.02,2753,73.6,0.227,41.4,-18.1,77.8,1.47,1403
5,2,2,0,0.0,23.7,0.04,43.0,-63.1,50.0,0.33,1639,21.5,0.069,45.0,-24.8,61.1,0.6,842
5,2,2,0,0.5,30.7,0.051,44.4,-54.8,55.6,0.42,1637,16.5,0.053,46.3,-25.5,61.1,0.45,843
5,2,2,0,1.0,30.3,0.051,44.2,-52.8,55.6,0.41,1636,9.1,0.03,46.3,-28.2,55.6,0.25,845
5,2,2,1,0.0,47.5,0.08,39.1,-43.1,63.9,0.63,1675,-11.5,-0.038,39.9,-35.4,50.0,-0.33,862
5,2,2,1,0.5,41.0,0.07,40.0,-41.6,61.1,0.56,1668,-4.5,-0.015,40.6,-29.1,50.0,-0.13,861
5,2,2,1,1.0,44.3,0.075,39.7,-36.2,61.1,0.6,1660,9.1,0.03,41.5,-26.3,50.0,0.26,863
5,2,4,0,0.0,126.8,0.197,45.8,-26.3,66.7,1.41,2171,72.9,0.224,45.1,-20.6,66.7,1.53,1106
5,2,4,0,0.5,155.1,0.244,49.1,-21.4,75.0,1.79,2157,74.9,0.229,44.0,-19.6,66.7,1.5,1105
5,2,4,0,1.0,153.3,0.241,48.7,-21.7,72.2,1.73,2160,72.8,0.222,43.1,-19.9,61.1,1.39,1110
5,2,4,1,0.0,22.3,0.036,40.6,-38.8,50.0,0.26,2415,27.4,0.084,37.5,-21.7,61.1,0.61,1253
5,2,4,1,0.5,24.7,0.04,40.2,-40.3,47.2,0.29,2400,18.3,0.057,38.8,-23.6,50.0,0.41,1236
5,2,4,1,1.0,36.4,0.058,39.3,-37.2,52.8,0.42,2381,21.8,0.069,38.4,-17.9,61.1,0.5,1220
5,2,8,0,0.0,193.7,0.298,49.5,-45.4,83.3,2.07,2398,89.2,0.274,49.2,-24.9,66.7,1.87,1198
5,2,8,0,0.5,218.2,0.337,51.1,-41.5,77.8,2.37,2376,102.1,0.315,50.9,-22.9,66.7,2.11,1202
5,2,8,0,1.0,220.3,0.337,50.4,-39.5,80.6,2.19,2375,80.6,0.247,50.6,-31.8,66.7,1.61,1219
5,2,8,1,0.0,20.2,0.032,36.3,-43.3,52.8,0.21,2826,36.9,0.114,37.2,-41.0,61.1,0.73,1461
5,2,8,1,0.5,66.6,0.105,36.7,-38.1,58.3,0.7,2817,57.4,0.18,39.7,-15.0,72.2,1.16,1415
5,2,8,1,1.0,48.9,0.077,39.0,-33.4,55.6,0.53,2739,69.5,0.218,41.7,-15.2,83.3,1.42,1397
5,3,0,0,0.0,268.8,0.402,50.7,-28.7,86.1,2.7,2493,76.0,0.23,48.0,-30.7,66.7,1.51,1281
5,3,0,0,0.5,285.6,0.434,53.3,-24.8,83.3,2.98,2458,102.7,0.317,48.8,-33.7,72.2,1.94,1268
5,3,0,0,1.0,263.0,0.406,51.4,-45.6,86.1,2.52,2473,102.5,0.314,50.3,-28.6,66.7,1.88,1272
5,3,0,1,0.0,67.6,0.107,41.1,-42.3,58.3,0.68,2814,35.4,0.109,39.3,-23.3,72.2,0.69,1456
5,3,0,1,0.5,65.7,0.104,41.9,-42.4,55.6,0.67,2835,76.9,0.24,41.9,-21.0,72.2,1.45,1384
5,3,0,1,1.0,66.8,0.106,41.0,-33.7,58.3,0.67,2770,59.9,0.188,41.2,-18.6,66.7,1.13,1380
5,3,2,0,0.0,20.3,0.034,42.7,-61.0,50.0,0.28,1650,12.8,0.042,44.8,-27.7,61.1,0.36,849
5,3,2,0,0.5,26.1,0.044,44.3,-53.8,52.8,0.36,1646,7.8,0.025,45.8,-27.1,55.6,0.22,849
5,3,2,0,1.0,24.0,0.04,44.1,-51.9,52.8,0.32,1646,2.2,0.007,46.1,-31.4,50.0,0.06,848
5,3,2,1,0.0,37.4,0.063,41.0,-53.9,55.6,0.49,1660,-0.0,-0.0,39.9,-30.6,50.0,-0.0,858
5,3,2,1,0.5,49.4,0.083,43.0,-41.7,58.3,0.66,1658,-3.2,-0.011,41.6,-27.8,50.0,-0.09,853
5,3,2,1,1.0,47.1,0.08,42.2,-40.6,61.1,0.62,1649,-5.2,-0.017,42.2,-34.1,50.0,-0.14,855
5,3,4,0,0.0,173.4,0.27,49.1,-31.9,72.2,1.86,2212,63.0,0.193,45.1,-23.5,66.7,1.34,1138
5,3,4,0,0.5,155.4,0.242,48.8,-32.4,69.4,1.65,2220,74.9,0.23,47.4,-23.9,61.1,1.58,1142
5,3,4,0,1.0,161.0,0.251,49.4,-33.0,72.2,1.64,2213,91.6,0.284,47.1,-24.3,61.1,1.77,1134
5,3,4,1,0.0,71.3,0.111,41.9,-39.8,63.9,0.77,2322,-1.3,-0.004,38.3,-37.9,50.0,-0.03,1239
5,3,4,1,0.5,84.0,0.132,43.1,-24.1,63.9,0.9,2322,14.5,0.046,39.0,-35.0,55.6,0.32,1225
5,3,4,1,1.0,52.6,0.084,41.8,-36.3,58.3,0.57,2328,17.1,0.055,39.1,-28.5,55.6,0.39,1205
5,3,8,0,0.0,222.5,0.336,49.2,-45.8,75.0,2.28,2475,97.6,0.293,50.5,-28.7,72.2,2.0,1267
5,3,8,0,0.5,185.7,0.284,49.2,-47.7,72.2,1.93,2457,111.8,0.342,51.1,-31.8,72.2,2.18,1268
5,3,8,0,1.0,215.0,0.329,49.2,-45.6,80.6,2.08,2465,110.3,0.335,50.2,-26.8,72.2,2.09,1264
5,3,8,1,0.0,65.8,0.104,40.3,-46.9,52.8,0.68,2746,50.1,0.155,39.5,-20.0,72.2,0.93,1424
5,3,8,1,0.5,11.2,0.018,39.0,-48.4,55.6,0.12,2773,43.1,0.134,40.8,-25.4,61.1,0.82,1371
5,3,8,1,1.0,38.5,0.061,40.4,-35.1,63.9,0.39,2723,54.6,0.173,41.3,-20.7,66.7,1.05,1334
