item,risk,IS_ret%,IS_maxDD%,VAL_ret%,VAL_maxDD%,HOLDOUT_ret%,HOLDOUT_maxDD%,boot_medDD%,boot_p95DD%,P(DD>10%),P(DD>20%),P(DD>30%),P(DD>50%)
S1,0.25,22.6,-2.4,11.3,-2.3,-7.1,-9.9,-2.0,-3.2,0.0,0.0,0.0,0.0
S1,0.5,49.7,-4.8,23.5,-4.5,-13.9,-18.8,-4.0,-6.4,0.08,0.0,0.0,0.0
S1,1.0,120.4,-9.4,50.9,-8.8,-26.4,-34.5,-7.8,-12.3,18.18,0.06,0.0,0.0
S2,0.25,21.2,-2.2,10.4,-3.4,-3.0,-6.1,-2.5,-4.6,0.0,0.0,0.0,0.0
S2,0.5,46.2,-4.4,21.7,-6.6,-6.2,-12.0,-4.9,-9.1,2.77,0.0,0.0,0.0
S2,1.0,110.6,-8.8,46.5,-12.9,-12.6,-23.0,-9.7,-17.2,46.67,1.66,0.04,0.0
S3,0.25,19.8,-2.4,7.8,-2.5,-2.9,-8.5,-2.5,-4.5,0.0,0.0,0.0,0.0
S3,0.5,43.1,-4.8,16.0,-5.0,-5.9,-16.2,-4.9,-8.8,2.54,0.0,0.0,0.0
S3,1.0,102.3,-9.5,33.6,-9.9,-12.2,-30.1,-9.7,-16.8,45.74,1.57,0.03,0.0
S4,0.25,17.3,-2.8,6.6,-1.9,-4.6,-7.8,-2.5,-4.2,0.0,0.0,0.0,0.0
S4,0.5,37.2,-5.5,13.5,-3.7,-9.0,-15.1,-4.9,-8.2,1.24,0.0,0.0,0.0
S4,1.0,86.1,-10.8,28.0,-7.4,-17.7,-28.0,-9.6,-16.1,44.2,0.86,0.01,0.0
S5,0.25,18.9,-2.4,7.2,-5.3,-2.1,-5.2,-2.7,-5.7,0.11,0.0,0.0,0.0
S5,0.5,41.0,-4.8,14.7,-10.4,-4.3,-10.2,-5.2,-11.1,8.41,0.14,0.0,0.0
S5,1.0,96.0,-9.4,30.4,-19.8,-9.1,-19.6,-10.4,-21.5,53.57,7.38,0.52,0.0
P_A10,0.25,619.9,-7.3,111.8,-8.0,0.2,-21.1,-6.7,-10.5,7.16,0.01,0.0,0.0
P_A10,0.5,4611.7,-14.1,330.1,-15.5,-2.8,-38.4,-13.0,-19.9,79.29,4.88,0.12,0.0
P_A10,1.0,154551.4,-26.7,1468.7,-29.3,-17.1,-63.6,-24.7,-37.0,99.98,75.93,20.0,0.19
P_C5,0.25,146.8,-3.5,43.8,-3.4,-16.0,-20.0,-2.9,-4.5,0.0,0.0,0.0,0.0
P_C5,0.5,496.3,-6.9,104.4,-6.8,-30.1,-36.5,-5.9,-9.0,2.2,0.0,0.0,0.0
P_C5,1.0,3165.0,-13.6,299.1,-13.2,-53.2,-60.9,-11.5,-17.3,76.16,1.28,0.0,0.0
P_A3,0.25,77.6,-3.3,32.3,-3.1,-12.6,-17.4,-3.0,-4.9,0.0,0.0,0.0,0.0
P_A3,0.5,210.4,-6.4,73.6,-6.2,-24.1,-32.1,-6.1,-9.7,3.97,0.01,0.0,0.0
P_A3,1.0,805.7,-12.6,191.3,-12.0,-43.8,-54.6,-11.8,-18.7,72.47,2.97,0.02,0.0
