# Sample OHLC placeholder. For a REAL carousel, export real TradingView OHLC here
# and render the chart from it (then remove the "توضيحي" tag on the proof slide).
# The demo proof slide (slide-05) uses a hand-drawn SCHEMATIC, tagged توضيحي per §7.5.
time,open,high,low,close
09:00,3392,3396,3389,3395
09:05,3395,3396,3390,3391
09:10,3391,3398,3390,3397
09:15,3397,3404,3396,3402
09:20,3402,3405,3399,3400
09:25,3400,3408,3400,3406
09:30,3406,3413,3405,3411
09:35,3411,3419,3410,3417
09:40,3417,3423,3416,3421
