name,fam,slmode,slk,tpr,trk,mb,filt,IS_n,IS_totR,IS_R_trade,IS_wr,IS_PF,IS_green_days,IS_R_day,IS_maxDD,IS_green_months,VAL_n,VAL_totR,VAL_R_trade,VAL_wr,VAL_PF,VAL_green_days,VAL_R_day,VAL_maxDD,VAL_green_months
pb_D1ema50slope_H1rsi14_40,pullback,atr,1.5,5.0,,0,none,281,91.0,0.324,22.1,1.42,24.6,0.361,-19.0,69.4,161,7.0,0.043,17.4,1.05,20.0,0.05,-26.0,55.6
pb_D1ema50slope_H1rsi14_40,pullback,atr,1.5,5.0,,0,notasia,263,85.0,0.323,22.1,1.41,24.3,0.356,-21.0,66.7,143,7.0,0.049,17.5,1.06,19.1,0.053,-16.0,50.0
donch20_M30_state,trend,atr,3.0,5.0,,0,none,246,84.0,0.341,22.4,1.44,32.1,0.519,-11.0,65.6,150,24.0,0.16,19.3,1.2,29.0,0.24,-18.0,52.9
pb_H1ema50slope_M15rsi2_10,pullback,atr,3.0,5.0,,0,volhiH1,270,72.0,0.267,21.1,1.34,25.0,0.316,-17.0,67.6,166,14.0,0.084,18.1,1.1,20.7,0.097,-27.0,38.9
pb_H1ema50slope_M15rsi2_10,pullback,atr,3.0,5.0,,0,dtrend50,380,70.0,0.184,19.7,1.23,23.2,0.222,-22.0,66.7,220,32.0,0.145,19.1,1.18,24.0,0.187,-24.0,61.1
ema50x200_M30_state,trend,atr,3.0,3.0,,0,volhiH1,279,69.0,0.247,31.2,1.36,39.0,0.324,-14.0,62.9,176,28.0,0.159,29.0,1.22,37.1,0.212,-14.0,66.7
st10_3.0_H1_state,trend,atr,3.0,1.5,,7200,none,642,68.2,0.106,44.9,1.19,53.8,0.164,-15.8,69.4,359,14.1,0.039,41.5,1.07,50.2,0.065,-27.7,55.6
ema10x50_M30_state,trend,atr,3.0,5.0,,0,none,266,64.0,0.241,20.7,1.3,30.5,0.362,-22.0,66.7,160,44.0,0.275,21.2,1.35,32.4,0.419,-19.0,61.1
donch20_H1_state,trend,atr,2.0,5.0,,0,h4trend50,350,64.0,0.183,19.7,1.23,29.0,0.277,-30.0,63.9,224,76.0,0.339,22.3,1.44,32.5,0.503,-17.0,77.8
donch10_M30_fresh,trend,atr,2.0,5.0,,0,sess12_17,362,64.0,0.177,19.6,1.22,24.6,0.225,-31.0,55.6,210,66.0,0.314,21.9,1.4,25.9,0.379,-29.0,77.8
