name,IS_sr,IS_ret,IS_dd,IS_gd,IS_gm,VAL_sr,VAL_ret,VAL_dd,VAL_gd,VAL_gm,HOLDOUT_sr,HOLDOUT_ret,HOLDOUT_dd,HOLDOUT_gd,HOLDOUT_gm,HO_sr_all,HO_sr_se,HO_t,ISVAL_sr,ISVAL_sr_se,ISVAL_t,DSR_IS_N547,DSR_ISVAL_N547,PSR_HO_0,DSR_HO_N10
B&H 1x,0.23,3.62,-22.19,52.4,41.7,1.5,21.6,-8.2,55.2,66.7,1.17,30.61,-29.38,55.7,73.7,1.17,0.85,1.46,0.63,0.48,1.35,0.008,0.003,0.915,0.581
B&H vt10,0.24,2.43,-15.57,52.4,38.9,1.53,16.6,-8.62,55.0,72.2,1.96,20.79,-12.61,55.7,68.4,1.96,0.84,2.44,0.69,0.48,1.46,0.009,0.004,0.99,0.872
combo_all7_ivar,1.23,14.06,-7.68,45.6,58.3,1.12,16.72,-12.13,46.2,61.1,2.14,30.7,-13.21,50.4,57.9,2.02,0.81,2.52,1.05,0.45,2.24,0.166,0.023,0.994,0.898
combo_trend3+intraday_erc,1.0,11.82,-10.04,44.9,55.6,1.73,27.35,-8.46,47.1,61.1,1.78,29.05,-9.87,50.6,44.4,1.63,0.81,2.04,1.14,0.44,2.42,0.082,0.033,0.978,0.783
combo_all7_ivol,0.94,10.68,-10.65,44.9,41.7,1.29,20.29,-8.96,45.7,55.6,2.46,38.97,-11.66,50.4,57.9,2.33,0.8,2.9,0.97,0.45,2.06,0.075,0.014,0.998,0.951
twapmom_z1.5_LS,1.71,12.89,-1.58,48.4,51.5,3.43,36.17,-3.59,58.1,56.2,-2.37,-23.63,-4.38,30.8,40.0,-0.74,0.88,-0.92,0.8,0.43,1.7,0.027,0.003,0.2,0.024
hmm3_r_tsmomra10d_fliphigh_LF,0.75,7.94,-12.13,41.3,30.6,1.44,21.54,-9.05,42.7,50.0,3.14,46.22,-8.03,52.7,70.6,2.62,0.81,3.26,0.83,0.45,1.76,0.032,0.007,0.999,0.978
hmm2_r_ewmac128_fliphigh_LF,0.8,9.44,-16.44,49.4,34.5,1.41,17.76,-5.98,51.3,47.1,2.57,38.0,-7.04,54.6,62.5,2.18,0.82,2.71,0.79,0.46,1.69,0.036,0.006,0.996,0.926
kf_tstat_ql1.0_qs1e-05_LF,0.73,9.75,-16.73,46.3,34.4,1.31,20.36,-9.91,44.9,44.4,2.16,40.05,-9.11,50.8,64.7,1.89,0.87,2.35,0.76,0.47,1.63,0.03,0.005,0.985,0.847
ewmac_128_512_LF_daily16,0.75,10.28,-16.11,51.1,39.3,0.93,15.69,-10.66,52.6,41.2,2.0,36.47,-8.38,59.2,62.5,1.7,0.88,2.12,0.61,0.48,1.31,0.03,0.003,0.972,0.785
hmm2_rv_ewmac128_cuthigh_LF,0.74,5.58,-11.5,49.6,48.1,1.11,13.22,-5.48,52.4,52.9,3.64,29.62,-2.35,55.8,68.8,2.89,0.74,3.61,0.67,0.44,1.43,0.027,0.002,1.0,0.995
ewmac_256_1024_LF,0.62,8.59,-18.75,53.4,44.0,1.16,19.17,-11.09,55.6,52.9,2.35,44.19,-10.53,58.7,73.3,2.07,0.88,2.58,0.66,0.47,1.41,0.021,0.003,0.991,0.888
