name,fam,params,IS_sr,IS_ret,IS_dd,IS_gd,IS_expo,VAL_sr,VAL_ret,VAL_dd,VAL_gd,VAL_expo,turn
combo_all7_ivar,6_combo,"{""method"": ""ivar"", ""weights"": {""tsmom_ra_10d_LF"": 0.175, ""ewmac_128_512_LF"": 0.143, ""kf_slope_ql1.0_qs1e-05_LF"": 0.139, ""hmm3_r_tsmomra10d_fliphigh_LF"": 0.199, ""garchfilt_scaled_tsmomra10d_LF"": 0.189, ""ou_L240_z2.5_0.0_hurst120_LF"": 2.334, ""twapmom_z1.5_LS"": 1.915}}",1.078,10.78,-7.68,34.9,76.7,1.051,14.72,-12.13,40.7,88.0,162.6
combo_trend3+intraday_erc,6_combo,"{""method"": ""erc"", ""weights"": {""tsmom_ra_10d_LF"": 0.351, ""ewmac_128_512_LF"": 0.352, ""kf_slope_ql1.0_qs1e-05_LF"": 0.316, ""twapmom_z1.5_LS"": 2.168}}",0.843,8.43,-10.04,32.0,71.3,1.587,23.18,-8.46,39.9,84.7,158.1
combo_all7_ivol,6_combo,"{""method"": ""ivol"", ""weights"": {""tsmom_ra_10d_LF"": 0.236, ""ewmac_128_512_LF"": 0.214, ""kf_slope_ql1.0_qs1e-05_LF"": 0.21, ""hmm3_r_tsmomra10d_fliphigh_LF"": 0.251, ""garchfilt_scaled_tsmomra10d_LF"": 0.245, ""ou_L240_z2.5_0.0_hurst120_LF"": 0.862, ""twapmom_z1.5_LS"": 0.781}}",0.819,8.19,-10.66,34.4,76.7,1.213,17.87,-8.97,40.2,88.0,133.1
twapmom_z1.5_LS,5_season,"{""zin"": 1.5, ""m"": ""LS""}",0.595,1.56,-1.58,5.9,12.1,1.124,3.96,-3.59,6.4,10.9,44.2
hmm3_r_tsmomra10d_fliphigh_LF,4_hmm,"{""K"": 3, ""feats"": [""r""], ""sig"": ""tsmomra10d"", ""m"": ""LF"", ""rule"": ""fliphigh""}",0.584,4.76,-12.13,24.7,59.9,1.187,14.63,-9.05,29.0,67.9,118.9
hmm2_r_ewmac128_fliphigh_LF,4_hmm,"{""K"": 2, ""feats"": [""r""], ""sig"": ""ewmac128"", ""m"": ""LF"", ""rule"": ""fliphigh""}",0.561,4.66,-16.44,24.4,49.4,1.173,12.25,-5.98,35.4,69.0,22.1
kf_tstat_ql1.0_qs1e-05_LF,2_kalman,"{""ql"": 1.0, ""qs"": 1e-05, ""kind"": ""tstat"", ""m"": ""LF""}",0.532,5.18,-16.73,24.6,53.2,1.125,15.13,-9.91,33.3,74.3,54.7
ewmac_128_512_LF_daily16,6_exec,"{""base"": ""ewmac_128_512_LF"", ""rebalance"": ""NY16 daily""}",0.521,4.96,-16.11,24.6,48.2,0.769,10.78,-10.66,36.1,68.7,14.2
hmm2_rv_ewmac128_cuthigh_LF,4_hmm,"{""K"": 2, ""feats"": [""r"", ""lrv""], ""sig"": ""ewmac128"", ""m"": ""LF"", ""rule"": ""cuthigh""}",0.504,2.6,-11.5,23.1,46.6,0.917,8.98,-5.48,35.6,67.9,18.9
ewmac_256_1024_LF,1_ewmac,"{""fast"": 256, ""m"": ""LF""}",0.432,4.21,-18.75,26.1,49.0,1.008,14.39,-11.09,41.7,75.1,9.1
