name,sr_is_daily,sr_isval_daily
tsmom_sign_4h_LS,-0.19682940389380066,-0.18429846048001325
tsmom_ra_4h_LS,-0.18238114044940074,-0.17325604619292012
tsmom_sign_8h_LS,-0.10804369061516172,-0.10394497955278928
tsmom_ra_8h_LS,-0.1102602436406684,-0.10511085882232143
tsmom_sign_12h_LS,-0.05718767697010626,-0.07007300239008793
tsmom_ra_12h_LS,-0.08437137715229653,-0.07093150496378613
tsmom_sign_1d_LS,-0.06400886585997173,-0.04067700696112056
tsmom_ra_1d_LS,-0.03872989827319154,-0.021545605530095498
tsmom_sign_2d_LS,-0.035588169077172924,-0.002213144853146275
tsmom_ra_2d_LS,-0.042092161495494364,-0.02302459176385198
tsmom_sign_3d_LS,-0.06686658898962626,-0.026758216683556938
tsmom_ra_3d_LS,-0.04762621196022213,-0.010124468211688708
tsmom_sign_5d_LS,-0.020034131071866197,-0.005770754208513498
tsmom_ra_5d_LS,-0.0025811394278379856,0.021942385112443626
tsmom_sign_10d_LS,0.0026752350883638594,-0.0012457406557651732
tsmom_ra_10d_LS,0.00833230085652233,0.012543843376280096
tsmom_sign_20d_LS,0.0009519456739321344,-0.00866629492968733
tsmom_ra_20d_LS,-0.0139015128964221,-0.007999487200193407
tsmom_sign_40d_LS,-9.861501328021637e-05,0.007216114568896451
tsmom_ra_40d_LS,0.0010147352939866294,0.01942679751193474
tsmom_sign_60d_LS,0.007460625075190766,0.02356335855808964
tsmom_ra_60d_LS,-0.0015595352460920095,0.011402976069479915
tsmom_sign_120d_LS,-0.017104585953006707,-0.006636291568641312
tsmom_ra_120d_LS,-0.0035131107884439376,0.020818755267738652
tsmom_sign_4h_LF,-0.13180603018140785,-0.09765655041797645
tsmom_ra_4h_LF,-0.13369165932310068,-0.10274095290582524
tsmom_sign_8h_LF,-0.0711960737148483,-0.043145111675842014
tsmom_ra_8h_LF,-0.10313897242866889,-0.0735336526231981
tsmom_sign_12h_LF,-0.033672848920437766,-0.020396377805602137
tsmom_ra_12h_LF,-0.08056406255038083,-0.049592543947916484
tsmom_sign_1d_LF,-0.03781607914147139,0.00038488832133810695
tsmom_ra_1d_LF,-0.029660253981940436,-4.428913195332711e-05
tsmom_sign_2d_LF,-0.014402233482517027,0.028268908433089303
tsmom_ra_2d_LF,-0.025355706449330228,0.005519037413946651
tsmom_sign_3d_LF,-0.036940864032992196,0.010533995014803892
tsmom_ra_3d_LF,-0.02717282346978751,0.021202073187434216
tsmom_sign_5d_LF,-0.0021530929684115364,0.025533849743581426
tsmom_ra_5d_LF,0.0022340058140718926,0.03185416408104007
tsmom_sign_10d_LF,0.012181788099565063,0.026898570257094866
tsmom_ra_10d_LF,0.035648296768939665,0.05036091390718591
tsmom_sign_20d_LF,0.01070278750742802,0.022054219722907487
tsmom_ra_20d_LF,0.010143838881870358,0.02232395420155897
tsmom_sign_40d_LF,0.010614594035902822,0.03324272797118892
tsmom_ra_40d_LF,0.020763509944357945,0.03425176995718347
tsmom_sign_60d_LF,0.016503424795554052,0.04273848986672131
tsmom_ra_60d_LF,0.01376481102529072,0.030218881780350804
tsmom_sign_120d_LF,-0.001402783952070738,0.021178669613690648
tsmom_ra_120d_LF,0.00693454987696634,0.03615364681973915
tsmomblend_sign_intra_LS,-0.09835411219277,-0.0740464770446864
tsmomblend_sign_intra_LF,-0.06317103666306072,-0.02486144399488438
tsmomblend_ra_intra_LS,-0.06474966707287477,-0.04480865353742816
tsmomblend_ra_intra_LF,-0.038214929000769615,-0.0061664590739045734
tsmomblend_sign_short_LS,-0.047849636750692245,-0.01859749172950923
tsmomblend_sign_short_LF,-0.02957176002955916,0.0132643459533158
tsmomblend_ra_short_LS,-0.029091986869635208,-0.004354099380215867
tsmomblend_ra_short_LF,-0.009678120926079097,0.022048350649619717
tsmomblend_sign_med_LS,0.0007701981230509062,-0.0018392703959908118
tsmomblend_sign_med_LF,0.02295597852649546,0.03280403245017859
tsmomblend_ra_med_LS,0.0019426261415715694,0.011132384830774248
tsmomblend_ra_med_LF,0.031232051409508833,0.04010800466311925
tsmomblend_sign_long_LS,-0.00530640687901511,0.011605617988075365
tsmomblend_sign_long_LF,0.016041694127784487,0.04276517134795557
tsmomblend_ra_long_LS,-0.0029171248665986085,0.016521235561861202
tsmomblend_ra_long_LF,0.013095471853683375,0.03637369934130324
tsmomblend_sign_daily_all_LS,-0.024412403421502873,-0.005622727390505424
tsmomblend_sign_daily_all_LF,0.0054587189619182035,0.021787157486828853
tsmomblend_ra_daily_all_LS,-0.01079873504859218,0.008969561454742094
tsmomblend_ra_daily_all_LF,0.012917808158659455,0.027837702687676522
tsmomblend_sign_all_LS,-0.06767246824731385,-0.04649419313658209
tsmomblend_sign_all_LF,-0.02711404520117084,-0.005212464085594024
tsmomblend_ra_all_LS,-0.04371797886091053,-0.021526303933030715
tsmomblend_ra_all_LF,-0.012501946668602418,0.008904596140520952
ewmac_4_16_LS,-0.023102560766664147,-0.013435015911746841
ewmac_4_16_LF,-0.025743176994676126,-0.006403749179607793
ewmac_8_32_LS,-0.006380842022723771,0.016437074148359196
ewmac_8_32_LF,0.003689729167967911,0.031223711262305675
ewmac_16_64_LS,-0.00861549438005062,0.02373645186031989
ewmac_16_64_LF,-0.0015163880556694587,0.033454384462969625
ewmac_32_128_LS,-0.001065171742103874,0.02397031611213723
ewmac_32_128_LF,0.00813871440705197,0.03820082823359569
ewmac_64_256_LS,0.002630084262029053,0.018997246885398965
ewmac_64_256_LF,0.02061611066638149,0.04164182533531936
ewmac_128_512_LS,0.008408593763187103,0.01388908582940159
ewmac_128_512_LF,0.029749123325147977,0.042417151167332925
ewmac_256_1024_LS,0.005900274952278845,0.015546017459878013
ewmac_256_1024_LF,0.026812772463075337,0.04121133535059383
ewmac_512_2048_LS,-0.0007035138555957699,0.024750292882645013
ewmac_512_2048_LF,0.014354078263495981,0.043873689225966746
ewmac_1024_4096_LS,-0.01494028813004278,0.026312705321537216
ewmac_1024_4096_LF,0.0013878242501876488,0.03738089062984057
ewmacblend_fast_LS,-0.008356277180050678,0.018132388816141314
ewmacblend_fast_LF,0.00516481506779559,0.03570339047994374
ewmacblend_slow_LS,-0.003127686789560457,0.020515979840861048
ewmacblend_slow_LF,0.011901898894044718,0.03786986961399058
ewmacblend_mid_LS,0.005215196299452808,0.021370399352710793
ewmacblend_mid_LF,0.02791421775621024,0.04267526460968801
ewmacblend_carver_LS,-0.0026714423734191368,0.02000269251604082
ewmacblend_carver_LF,0.013267244419224696,0.03556239733461364
ewmacblend_all_LS,-0.005742484312330448,0.02537338526027105
ewmacblend_all_LF,0.014674982774953889,0.03919949753320122
kf_slope_ql0.0_qs1e-07_LS,0.002748214179779228,0.027255589223560084
kf_slope_ql0.0_qs1e-07_LF,0.023120783871044177,0.04924921130784091
kf_tstat_ql0.0_qs1e-07_LS,0.002748214179779226,0.027255589223560063
kf_tstat_ql0.0_qs1e-07_LF,0.023120783871044177,0.04924921130784093
kf_slope_ql0.0_qs1e-06_LS,-0.006933966378096926,0.02305099065752211
kf_slope_ql0.0_qs1e-06_LF,-0.0016975255381665019,0.02981284940298312
kf_tstat_ql0.0_qs1e-06_LS,-0.006933966378096934,0.023050990657522117
kf_tstat_ql0.0_qs1e-06_LF,-0.0016975255381664982,0.02981284940298312
kf_slope_ql0.0_qs1e-05_LS,-0.02079447629321014,0.007759254647757584
kf_slope_ql0.0_qs1e-05_LF,-0.014275017797447559,0.018771250626835528
kf_tstat_ql0.0_qs1e-05_LS,-0.02079447629321014,0.007759254647757587
kf_tstat_ql0.0_qs1e-05_LF,-0.014275017797447557,0.018771250626835528
kf_slope_ql0.0_qs0.0001_LS,0.0031959146858146683,0.020267853397505253
kf_slope_ql0.0_qs0.0001_LF,0.012067745046670844,0.028207994505070392
kf_tstat_ql0.0_qs0.0001_LS,0.0031959146858146687,0.020267853397505253
kf_tstat_ql0.0_qs0.0001_LF,0.01206774504667085,0.02820799450507038
kf_slope_ql0.0_qs0.001_LS,-0.009937808790411723,0.00414747759338477
kf_slope_ql0.0_qs0.001_LF,-0.020411128315370668,0.0018101202662730925
kf_tstat_ql0.0_qs0.001_LS,-0.009937808790411715,0.004147477593384778
kf_tstat_ql0.0_qs0.001_LF,-0.02041112831537067,0.001810120266273097
kf_slope_ql0.0_qs0.01_LS,-0.05135348615899217,-0.05134941109368135
kf_slope_ql0.0_qs0.01_LF,-0.0632609371430359,-0.041885722296186215
kf_tstat_ql0.0_qs0.01_LS,-0.05135348615899218,-0.05134941109368136
kf_tstat_ql0.0_qs0.01_LF,-0.0632609371430359,-0.041885722296186215
kf_slope_ql0.1_qs1e-07_LS,-0.002792512904614711,0.02046912265972558
kf_slope_ql0.1_qs1e-07_LF,0.014822138684854188,0.03439080700476634
kf_tstat_ql0.1_qs1e-07_LS,-0.002792512904614702,0.020469122659725586
kf_tstat_ql0.1_qs1e-07_LF,0.01482213868485418,0.03439080700476634
kf_slope_ql0.1_qs1e-06_LS,0.005874173190537087,0.022122767334871177
kf_slope_ql0.1_qs1e-06_LF,0.03139745137734231,0.04569399331902548
kf_tstat_ql0.1_qs1e-06_LS,0.00587417319053709,0.022122767334871177
kf_tstat_ql0.1_qs1e-06_LF,0.03139745137734231,0.04569399331902548
kf_slope_ql0.1_qs1e-05_LS,0.00647202482506021,0.0274726303246682
kf_slope_ql0.1_qs1e-05_LF,0.02155462768913494,0.04528519057483103
kf_tstat_ql0.1_qs1e-05_LS,0.006472024825060211,0.027472630324668193
kf_tstat_ql0.1_qs1e-05_LF,0.02155462768913494,0.04528519057483104
kf_slope_ql0.1_qs0.0001_LS,-0.00490912350646808,0.024145103534394148
kf_slope_ql0.1_qs0.0001_LF,0.004824195376056252,0.03651738979908612
kf_tstat_ql0.1_qs0.0001_LS,-0.004909123506468059,0.024145103534394148
kf_tstat_ql0.1_qs0.0001_LF,0.004824195376056257,0.03651738979908612
kf_slope_ql0.1_qs0.001_LS,-0.006995413110619253,0.007414330641624252
kf_slope_ql0.1_qs0.001_LF,-0.002100546190370658,0.01784016534633325
kf_tstat_ql0.1_qs0.001_LS,-0.00699541311061926,0.0074143306416242635
kf_tstat_ql0.1_qs0.001_LF,-0.002100546190370647,0.017840165346333252
kf_slope_ql0.1_qs0.01_LS,-0.04780869889145421,-0.044369130153714305
kf_slope_ql0.1_qs0.01_LF,-0.06207255526549914,-0.038051738160684884
kf_tstat_ql0.1_qs0.01_LS,-0.04780869889145422,-0.04436913015371431
kf_tstat_ql0.1_qs0.01_LF,-0.062072555265499124,-0.03805173816068486
kf_slope_ql1.0_qs1e-07_LS,-0.018401637503343234,0.0238054851598019
kf_slope_ql1.0_qs1e-07_LF,-0.008202375947658005,0.03126030164196974
kf_tstat_ql1.0_qs1e-07_LS,-0.018401637503460352,0.023805485159728364
kf_tstat_ql1.0_qs1e-07_LF,-0.008202375947750034,0.03126030164192435
kf_slope_ql1.0_qs1e-06_LS,-0.002506032409343855,0.021650401646010623
kf_slope_ql1.0_qs1e-06_LF,0.017394919600335457,0.036550518734829375
kf_tstat_ql1.0_qs1e-06_LS,-0.0025060324093438553,0.021650401646010616
kf_tstat_ql1.0_qs1e-06_LF,0.01739491960033545,0.03655051873482937
kf_slope_ql1.0_qs1e-05_LS,0.005364502769555718,0.02226038776732925
kf_slope_ql1.0_qs1e-05_LF,0.03297673085053241,0.04743924181397485
kf_tstat_ql1.0_qs1e-05_LS,0.005364502769555714,0.022260387767329252
kf_tstat_ql1.0_qs1e-05_LF,0.0329767308505324,0.04743924181397485
kf_slope_ql1.0_qs0.0001_LS,0.006327021507565618,0.025340282897795642
kf_slope_ql1.0_qs0.0001_LF,0.02116398418756116,0.043721331920186665
kf_tstat_ql1.0_qs0.0001_LS,0.006327021507565619,0.025340282897795642
kf_tstat_ql1.0_qs0.0001_LF,0.021163984187561165,0.043721331920186665
kf_slope_ql1.0_qs0.001_LS,-0.01273160278408577,0.011790621593994553
kf_slope_ql1.0_qs0.001_LF,-0.001494220906926846,0.030363277434705876
kf_tstat_ql1.0_qs0.001_LS,-0.012731602784085779,0.01179062159399455
kf_tstat_ql1.0_qs0.001_LF,-0.0014942209069268542,0.030363277434705876
kf_slope_ql1.0_qs0.01_LS,-0.03679758907600204,-0.02554159755490948
kf_slope_ql1.0_qs0.01_LF,-0.03297143445462486,-0.012697676166167737
kf_tstat_ql1.0_qs0.01_LS,-0.03679758907600205,-0.025541597554909482
kf_tstat_ql1.0_qs0.01_LF,-0.03297143445462486,-0.012697676166167751
kf_mle_slope_LS,0.005991911254498248,0.04127792225370969
kf_mle_slope_LF,0.005991911254498248,0.04127792225370969
kf_mle_tstat_LS,0.005951505477305213,0.04100420065532179
kf_mle_tstat_LF,0.005951505477305213,0.04100420065532179
ou_L12_z1.5_0.0_none_LS,-0.06109384043055529,-0.08304147316341629
ou_L12_z1.5_0.0_none_LF,-0.043861723363233386,-0.05223996841030118
ou_L12_z1.5_0.0_vr120_LS,-0.060840332627999816,-0.06068864926947155
ou_L12_z1.5_0.0_vr120_LF,-0.04863790172732522,-0.041681611976087364
ou_L12_z1.5_0.0_hurst120_LS,-0.0481601322790785,-0.06886345462478737
ou_L12_z1.5_0.0_hurst120_LF,-0.027402770014655624,-0.039679219849788706
ou_L12_z1.5_0.0_adf120_LS,-0.02196555710861093,-0.006441342222601127
ou_L12_z1.5_0.0_adf120_LF,-0.020118169875102822,-0.0011237656786208534
ou_L12_z1.5_0.0_hl120_LS,-0.0524939099663638,-0.06884521710227595
ou_L12_z1.5_0.0_hl120_LF,-0.02919972782723774,-0.033203083072212106
ou_L12_z1.5_0.0_vr480_LS,-0.07768882300197898,-0.0805323646578435
ou_L12_z1.5_0.0_vr480_LF,-0.053727242475546624,-0.06126833483434671
ou_L12_z1.5_0.0_hurst480_LS,-0.07794643301330115,-0.07670246608429782
ou_L12_z1.5_0.0_hurst480_LF,-0.05387197430037055,-0.05172657584063177
ou_L12_z1.5_0.0_adf480_LS,-0.062441725045299365,-0.08099958040414541
ou_L12_z1.5_0.0_adf480_LF,-0.04561244143031378,-0.05315392872550874
ou_L12_z1.5_0.0_hl480_LS,-0.0876645016337669,-0.0700998878600486
ou_L12_z1.5_0.0_hl480_LF,-0.05836267986391996,-0.043304438547451814
ou_L12_z1.5_0.5_none_LS,-0.04280563948663788,-0.05992865684486211
ou_L12_z1.5_0.5_none_LF,-0.04847821447303986,-0.046212293427338666
ou_L12_z2.0_0.0_none_LS,-0.07015140966620086,-0.079531256685425
ou_L12_z2.0_0.0_none_LF,-0.04504244542716064,-0.05297108255784173
ou_L12_z2.0_0.0_vr120_LS,-0.06768306539573422,-0.04965012612858015
ou_L12_z2.0_0.0_vr120_LF,-0.04338220794447366,-0.02887757960400067
ou_L12_z2.0_0.0_hurst120_LS,-0.06835589025227762,-0.06625239722373873
ou_L12_z2.0_0.0_hurst120_LF,-0.03830541475777957,-0.03599722936391764
ou_L12_z2.0_0.0_adf120_LS,-0.021170941031967254,-0.003305363915220565
ou_L12_z2.0_0.0_adf120_LF,-0.02603627389940567,-0.008534806337703102
ou_L12_z2.0_0.0_hl120_LS,-0.05279096766471328,-0.05123214407828411
ou_L12_z2.0_0.0_hl120_LF,-0.021841354259440626,-0.018482648287151748
ou_L12_z2.0_0.0_vr480_LS,-0.08264843428067087,-0.07849004880742039
ou_L12_z2.0_0.0_vr480_LF,-0.06110564225125195,-0.06946650918376963
ou_L12_z2.0_0.0_hurst480_LS,-0.08637597622519044,-0.08283224791845371
ou_L12_z2.0_0.0_hurst480_LF,-0.060262430204188165,-0.06110378096433899
ou_L12_z2.0_0.0_adf480_LS,-0.07413625238808079,-0.08239732984797897
ou_L12_z2.0_0.0_adf480_LF,-0.04962806716336,-0.05644272985304078
ou_L12_z2.0_0.0_hl480_LS,-0.09606159366314673,-0.07886720207366166
ou_L12_z2.0_0.0_hl480_LF,-0.06403177896796337,-0.04987005976622387
ou_L12_z2.0_0.5_none_LS,-0.04938369988199649,-0.05409235318332087
ou_L12_z2.0_0.5_none_LF,-0.037457835889772216,-0.033601213822416494
ou_L12_z2.5_0.0_none_LS,-0.042463237819696305,-0.060276097970277914
ou_L12_z2.5_0.0_none_LF,-0.031538305979480555,-0.043357143180815065
ou_L12_z2.5_0.0_vr120_LS,-0.04700449666829137,-0.039353996378199065
ou_L12_z2.5_0.0_vr120_LF,-0.02977727397423532,-0.015334589691438192
ou_L12_z2.5_0.0_hurst120_LS,-0.04700832786673408,-0.05470527746563396
ou_L12_z2.5_0.0_hurst120_LF,-0.029178565736063696,-0.03472630201920245
ou_L12_z2.5_0.0_adf120_LS,-0.013227097126626945,0.0032119005199410873
ou_L12_z2.5_0.0_adf120_LF,-0.016084835059860622,0.0016054863610072416
ou_L12_z2.5_0.0_hl120_LS,-0.033529727235971696,-0.045292225070825844
ou_L12_z2.5_0.0_hl120_LF,-0.020215884398491802,-0.018302930389828678
ou_L12_z2.5_0.0_vr480_LS,-0.050152450209564464,-0.06387007552349432
ou_L12_z2.5_0.0_vr480_LF,-0.049204065283985556,-0.06253455741334843
ou_L12_z2.5_0.0_hurst480_LS,-0.061790331934509723,-0.06939500727784247
ou_L12_z2.5_0.0_hurst480_LF,-0.04482104432230378,-0.05498184654687195
ou_L12_z2.5_0.0_adf480_LS,-0.046072103118725366,-0.059201645502411256
ou_L12_z2.5_0.0_adf480_LF,-0.03584481159425889,-0.045952363498071934
ou_L12_z2.5_0.0_hl480_LS,-0.06603980867294289,-0.06396048059555288
ou_L12_z2.5_0.0_hl480_LF,-0.05480243602510024,-0.04936317000339727
ou_L12_z2.5_0.5_none_LS,-0.01892128201438076,-0.03521258197952262
ou_L12_z2.5_0.5_none_LF,-0.01879148596780901,-0.022397968944888495
ou_L24_z1.5_0.0_none_LS,-0.03867620854729256,-0.05417308128514983
ou_L24_z1.5_0.0_none_LF,-0.010079376946372778,-0.010357601576796067
ou_L24_z1.5_0.0_vr120_LS,-0.05523190377537793,-0.04950786849414319
ou_L24_z1.5_0.0_vr120_LF,-0.02999695351890293,-0.010555703942434698
ou_L24_z1.5_0.0_hurst120_LS,-0.03810927094360534,-0.0472858436388084
ou_L24_z1.5_0.0_hurst120_LF,-0.004586189295977251,-0.005218794627829051
ou_L24_z1.5_0.0_adf120_LS,-0.03106091991909991,-0.01938551485341687
ou_L24_z1.5_0.0_adf120_LF,-0.007115123027729863,0.014059051322516279
ou_L24_z1.5_0.0_hl120_LS,-0.04042336041550787,-0.05335018708025102
ou_L24_z1.5_0.0_hl120_LF,-0.009876933893518234,-0.008115844777335136
ou_L24_z1.5_0.0_vr480_LS,-0.06746045403382064,-0.05485127981912973
ou_L24_z1.5_0.0_vr480_LF,-0.044820524001996924,-0.04377894517033114
ou_L24_z1.5_0.0_hurst480_LS,-0.07646552793769379,-0.0730800392620694
ou_L24_z1.5_0.0_hurst480_LF,-0.05008395346549253,-0.0444534581170864
ou_L24_z1.5_0.0_adf480_LS,-0.0418514140752045,-0.05590404065356434
ou_L24_z1.5_0.0_adf480_LF,-0.015216527946957261,-0.017652753257769726
ou_L24_z1.5_0.0_hl480_LS,-0.045289372887820215,-0.055770964240022224
ou_L24_z1.5_0.0_hl480_LF,-0.017075624560861508,-0.01789313899651324
ou_L24_z1.5_0.5_none_LS,-0.05071783919022596,-0.061783142391634245
ou_L24_z1.5_0.5_none_LF,-0.030096631181033076,-0.03557041232590778
ou_L24_z2.0_0.0_none_LS,-0.03288828150093359,-0.04629874674674498
ou_L24_z2.0_0.0_none_LF,0.0005669687452715035,-0.00258287464589847
ou_L24_z2.0_0.0_vr120_LS,-0.029007295775099886,-0.027455352987759907
ou_L24_z2.0_0.0_vr120_LF,-0.009666344645614952,0.006317919721172668
ou_L24_z2.0_0.0_hurst120_LS,-0.0415982941804305,-0.046519980917670005
ou_L24_z2.0_0.0_hurst120_LF,-0.009443081664683817,-0.011918326891354206
ou_L24_z2.0_0.0_adf120_LS,-0.022004018861496565,-0.0047441160005783954
ou_L24_z2.0_0.0_adf120_LF,-0.024764632875966176,-0.0005944929589036851
ou_L24_z2.0_0.0_hl120_LS,-0.03961888047026299,-0.04909729732214758
ou_L24_z2.0_0.0_hl120_LF,-0.002429319653128956,-0.0035078486522606626
ou_L24_z2.0_0.0_vr480_LS,-0.049403628277328956,-0.04554909218465234
ou_L24_z2.0_0.0_vr480_LF,-0.027372531069817643,-0.0323836724463415
ou_L24_z2.0_0.0_hurst480_LS,-0.049644665984065646,-0.05274760071392151
ou_L24_z2.0_0.0_hurst480_LF,-0.025407316761888708,-0.027697165324409072
ou_L24_z2.0_0.0_adf480_LS,-0.03628520185314496,-0.04779378331450541
ou_L24_z2.0_0.0_adf480_LF,-0.0023059430443670625,-0.007124096726202787
ou_L24_z2.0_0.0_hl480_LS,-0.03755097617249234,-0.04599869853076373
ou_L24_z2.0_0.0_hl480_LF,-0.007921170204469127,-0.009067472732715506
ou_L24_z2.0_0.5_none_LS,-0.04289012086295804,-0.039999579034514475
ou_L24_z2.0_0.5_none_LF,-0.018783294533964295,-0.024037448820867665
ou_L24_z2.5_0.0_none_LS,-0.04750728185258283,-0.04216592708301219
ou_L24_z2.5_0.0_none_LF,-0.0037266716740749955,0.002543280541925683
ou_L24_z2.5_0.0_vr120_LS,-0.03860874284449031,-0.019235274105630217
ou_L24_z2.5_0.0_vr120_LF,-0.0016614872629187676,0.025267084282891424
ou_L24_z2.5_0.0_hurst120_LS,-0.04788953862422999,-0.04583978027685697
ou_L24_z2.5_0.0_hurst120_LF,-0.01173587269431772,-0.006780466171552692
ou_L24_z2.5_0.0_adf120_LS,-0.03205399495199063,-0.01950912704655837
ou_L24_z2.5_0.0_adf120_LF,-0.029648420593722562,-0.0059354471393729645
ou_L24_z2.5_0.0_hl120_LS,-0.05268686741953578,-0.04379170392341013
ou_L24_z2.5_0.0_hl120_LF,-0.0096591947875133,-0.00017259947925709753
ou_L24_z2.5_0.0_vr480_LS,-0.06525715480214553,-0.048043877463125974
ou_L24_z2.5_0.0_vr480_LF,-0.03365873588750122,-0.034249046214850865
ou_L24_z2.5_0.0_hurst480_LS,-0.06213548837015923,-0.05660326430351829
ou_L24_z2.5_0.0_hurst480_LF,-0.03121589183971803,-0.02434783229582023
ou_L24_z2.5_0.0_adf480_LS,-0.05163493065115451,-0.046127113260056724
ou_L24_z2.5_0.0_adf480_LF,-0.008838769046419422,-0.0024264147047898268
ou_L24_z2.5_0.0_hl480_LS,-0.05292536177729958,-0.04418310844172379
ou_L24_z2.5_0.0_hl480_LF,-0.01234509752917064,-0.0039693305124597345
ou_L24_z2.5_0.5_none_LS,-0.05588672229274449,-0.03904323680032075
ou_L24_z2.5_0.5_none_LF,-0.018668853919313628,-0.011214057849781902
ou_L48_z1.5_0.0_none_LS,-0.0258446007289607,-0.06256793215873832
ou_L48_z1.5_0.0_none_LF,-0.015517544765504578,-0.023912590240351268
ou_L48_z1.5_0.0_vr120_LS,-0.048633285621017056,-0.06461423098005874
ou_L48_z1.5_0.0_vr120_LF,-0.03181488787439237,-0.019423466234906487
ou_L48_z1.5_0.0_hurst120_LS,-0.01992162333132256,-0.05506311979146056
ou_L48_z1.5_0.0_hurst120_LF,-0.012673193591717724,-0.022309243914649526
ou_L48_z1.5_0.0_adf120_LS,0.0010236915288097876,-0.004058212424483821
ou_L48_z1.5_0.0_adf120_LF,-0.010424761334384478,0.00767688920617213
ou_L48_z1.5_0.0_hl120_LS,-0.0258446007289607,-0.061469584252056994
ou_L48_z1.5_0.0_hl120_LF,-0.015517544765504578,-0.023912590240351268
ou_L48_z1.5_0.0_vr480_LS,-0.049130066228084864,-0.07209767017878893
ou_L48_z1.5_0.0_vr480_LF,-0.04215242511764347,-0.050304366026281244
ou_L48_z1.5_0.0_hurst480_LS,-0.044146055499445704,-0.06535689353892159
ou_L48_z1.5_0.0_hurst480_LF,-0.03110734756644706,-0.03507653553456243
ou_L48_z1.5_0.0_adf480_LS,-0.027823927320177088,-0.05706050011475929
ou_L48_z1.5_0.0_adf480_LF,-0.020591938108215194,-0.025942979483104724
ou_L48_z1.5_0.0_hl480_LS,-0.0258446007289607,-0.06256793215873832
ou_L48_z1.5_0.0_hl480_LF,-0.015517544765504578,-0.023912590240351268
ou_L48_z1.5_0.5_none_LS,-0.039374001228968454,-0.06354847147493138
ou_L48_z1.5_0.5_none_LF,-0.02513409028499349,-0.028075865224581643
ou_L48_z2.0_0.0_none_LS,-0.021961751576773825,-0.049405953573509805
ou_L48_z2.0_0.0_none_LF,-0.01818544166477211,-0.023478619050348013
ou_L48_z2.0_0.0_vr120_LS,-0.04238075370371834,-0.05438616044605264
ou_L48_z2.0_0.0_vr120_LF,-0.042278788169466806,-0.024502954313087848
ou_L48_z2.0_0.0_hurst120_LS,-0.010837217892059848,-0.04288145826895467
ou_L48_z2.0_0.0_hurst120_LF,-0.016504378719512526,-0.01995859400555248
ou_L48_z2.0_0.0_adf120_LS,-0.002594757675204796,-0.008962719599133884
ou_L48_z2.0_0.0_adf120_LF,-0.00485798576296378,0.01212473732287789
ou_L48_z2.0_0.0_hl120_LS,-0.021961751576773825,-0.047337972948757294
ou_L48_z2.0_0.0_hl120_LF,-0.01818544166477211,-0.023478619050348013
ou_L48_z2.0_0.0_vr480_LS,-0.04763019966608334,-0.06251542833076472
ou_L48_z2.0_0.0_vr480_LF,-0.04222388625487085,-0.04808525995399161
ou_L48_z2.0_0.0_hurst480_LS,-0.02970959491521385,-0.04922734418803959
ou_L48_z2.0_0.0_hurst480_LF,-0.030890010553429745,-0.03369710682875482
ou_L48_z2.0_0.0_adf480_LS,-0.022404732008460774,-0.04519977765913667
ou_L48_z2.0_0.0_adf480_LF,-0.02284498940093301,-0.027490830976212976
ou_L48_z2.0_0.0_hl480_LS,-0.021961751576773825,-0.049405953573509805
ou_L48_z2.0_0.0_hl480_LF,-0.01818544166477211,-0.023478619050348013
ou_L48_z2.0_0.5_none_LS,-0.03602877253413606,-0.053185296171485506
ou_L48_z2.0_0.5_none_LF,-0.019939822973811423,-0.018842724198959868
ou_L48_z2.5_0.0_none_LS,-0.03634574020464995,-0.04387346303837088
ou_L48_z2.5_0.0_none_LF,-0.018597854357386586,-0.014829540913106246
ou_L48_z2.5_0.0_vr120_LS,-0.04247469130873572,-0.034382416914305505
ou_L48_z2.5_0.0_vr120_LF,-0.03296263990323657,-0.005798570370174398
ou_L48_z2.5_0.0_hurst120_LS,-0.01986437353605498,-0.03443411137552601
ou_L48_z2.5_0.0_hurst120_LF,-0.019147893711327427,-0.015962296584123205
ou_L48_z2.5_0.0_adf120_LS,0.003133261333604123,-0.0018994147187268162
ou_L48_z2.5_0.0_adf120_LF,-0.021194377356401492,-0.009257035454663685
ou_L48_z2.5_0.0_hl120_LS,-0.03634574020464995,-0.04247342561449144
ou_L48_z2.5_0.0_hl120_LF,-0.018597854357386586,-0.016243448004251232
ou_L48_z2.5_0.0_vr480_LS,-0.039079043914883,-0.034408966075279906
ou_L48_z2.5_0.0_vr480_LF,-0.024581466839587104,-0.024031599342093424
ou_L48_z2.5_0.0_hurst480_LS,-0.040864671059110694,-0.038249718813947745
ou_L48_z2.5_0.0_hurst480_LF,-0.025891244132818646,-0.014907568789142974
ou_L48_z2.5_0.0_adf480_LS,-0.04028800875844289,-0.044110313763965577
ou_L48_z2.5_0.0_adf480_LF,-0.02368931119992009,-0.021470175528483675
ou_L48_z2.5_0.0_hl480_LS,-0.03634574020464995,-0.04387346303837088
ou_L48_z2.5_0.0_hl480_LF,-0.018597854357386586,-0.014829540913106246
ou_L48_z2.5_0.5_none_LS,-0.05158353322800625,-0.042353554836449765
ou_L48_z2.5_0.5_none_LF,-0.025103583195123007,-0.009978564530968386
ou_L120_z1.5_0.0_none_LS,-0.039203109691828844,-0.041781583154445794
ou_L120_z1.5_0.0_none_LF,-0.02999513449361546,-0.021668656720044248
ou_L120_z1.5_0.0_vr120_LS,-0.03758213196404065,-0.029267055636119293
ou_L120_z1.5_0.0_vr120_LF,-0.029970456425113593,-0.011764834108991146
ou_L120_z1.5_0.0_hurst120_LS,-0.028340783846021893,-0.038009497202000794
ou_L120_z1.5_0.0_hurst120_LF,-0.02714714726219209,-0.021023908631600686
ou_L120_z1.5_0.0_adf120_LS,0.008929405898923921,0.0002678764379448022
ou_L120_z1.5_0.0_adf120_LF,0.0005321493843954449,0.013868995569534637
ou_L120_z1.5_0.0_hl120_LS,-0.039203109691828844,-0.041781583154445794
ou_L120_z1.5_0.0_hl120_LF,-0.02999513449361546,-0.021668656720044248
ou_L120_z1.5_0.0_vr480_LS,-0.05313625083941381,-0.047990921582101345
ou_L120_z1.5_0.0_vr480_LF,-0.030779498815182795,-0.025729682147827573
ou_L120_z1.5_0.0_hurst480_LS,-0.04350576924700286,-0.04914464061466725
ou_L120_z1.5_0.0_hurst480_LF,-0.024102042840361226,-0.027246535138210168
ou_L120_z1.5_0.0_adf480_LS,-0.039203109691828844,-0.04061141867733706
ou_L120_z1.5_0.0_adf480_LF,-0.02999513449361546,-0.02651408328041954
ou_L120_z1.5_0.0_hl480_LS,-0.039203109691828844,-0.041781583154445794
ou_L120_z1.5_0.0_hl480_LF,-0.02999513449361546,-0.021668656720044248
ou_L120_z1.5_0.5_none_LS,-0.02303272591695842,-0.03871481048045989
ou_L120_z1.5_0.5_none_LF,-0.03128428660604815,-0.026479930361433496
ou_L120_z2.0_0.0_none_LS,-0.05029679425274344,-0.044095245794862535
ou_L120_z2.0_0.0_none_LF,-0.008874600968134217,-0.0011007948239933484
ou_L120_z2.0_0.0_vr120_LS,-0.036013050289846665,-0.03293873358573138
ou_L120_z2.0_0.0_vr120_LF,-0.010077277450368403,-0.003494114868073704
ou_L120_z2.0_0.0_hurst120_LS,-0.03091411019253157,-0.04472881780918389
ou_L120_z2.0_0.0_hurst120_LF,-0.004586567809742101,-0.009529737885168692
ou_L120_z2.0_0.0_adf120_LS,0.008853267850612079,0.009904417305087078
ou_L120_z2.0_0.0_adf120_LF,-0.0031554352556334504,0.014406608539798317
ou_L120_z2.0_0.0_hl120_LS,-0.05029679425274344,-0.044095245794862535
ou_L120_z2.0_0.0_hl120_LF,-0.008874600968134217,-0.0011007948239933484
ou_L120_z2.0_0.0_vr480_LS,-0.04855207401022573,-0.03983164274543621
ou_L120_z2.0_0.0_vr480_LF,-0.010234874441003922,-0.011886193635170005
ou_L120_z2.0_0.0_hurst480_LS,-0.040559088680775277,-0.038380798639303625
ou_L120_z2.0_0.0_hurst480_LF,-0.008177372096585712,-0.01837715111003912
ou_L120_z2.0_0.0_adf480_LS,-0.05029679425274344,-0.04341057892180741
ou_L120_z2.0_0.0_adf480_LF,-0.008874600968134217,-0.009340743979974902
ou_L120_z2.0_0.0_hl480_LS,-0.05029679425274344,-0.044095245794862535
ou_L120_z2.0_0.0_hl480_LF,-0.008874600968134217,-0.0011007948239933484
ou_L120_z2.0_0.5_none_LS,-0.036015417555223694,-0.040535522127497316
ou_L120_z2.0_0.5_none_LF,-0.008869642728762438,-0.005423946510468826
ou_L120_z2.5_0.0_none_LS,-0.05385000686303895,-0.05961343551591616
ou_L120_z2.5_0.0_none_LF,-0.003927165090235246,-0.00806869550347284
ou_L120_z2.5_0.0_vr120_LS,-0.037940853526198186,-0.04539868894522235
ou_L120_z2.5_0.0_vr120_LF,-0.014291352436919756,-0.01111785636533071
ou_L120_z2.5_0.0_hurst120_LS,-0.0426556514681305,-0.05960076783145328
ou_L120_z2.5_0.0_hurst120_LF,-0.010739372262149122,-0.019340038094684323
ou_L120_z2.5_0.0_adf120_LS,-0.015037815309030651,-0.029661737578129215
ou_L120_z2.5_0.0_adf120_LF,-0.02355302978678572,-0.016509168340602547
ou_L120_z2.5_0.0_hl120_LS,-0.05385000686303895,-0.05961343551591616
ou_L120_z2.5_0.0_hl120_LF,-0.003927165090235246,-0.00806869550347284
ou_L120_z2.5_0.0_vr480_LS,-0.061849325616785175,-0.054494255663965215
ou_L120_z2.5_0.0_vr480_LF,-0.018350342789306046,-0.026638302644320634
ou_L120_z2.5_0.0_hurst480_LS,-0.05457397728281188,-0.05264763618457047
ou_L120_z2.5_0.0_hurst480_LF,-0.02344741575102169,-0.02468118952657731
ou_L120_z2.5_0.0_adf480_LS,-0.05385000686303895,-0.055407308690180165
ou_L120_z2.5_0.0_adf480_LF,-0.003927165090235246,-0.010750640031944715
ou_L120_z2.5_0.0_hl480_LS,-0.05385000686303895,-0.05961343551591616
ou_L120_z2.5_0.0_hl480_LF,-0.003927165090235246,-0.00806869550347284
ou_L120_z2.5_0.5_none_LS,-0.04630449229121007,-0.059883576319175874
ou_L120_z2.5_0.5_none_LF,-0.01393827093092137,-0.015152897845227576
ou_L240_z1.5_0.0_none_LS,-0.03659703857951951,-0.04302661940573231
ou_L240_z1.5_0.0_none_LF,0.0023232365861667967,0.011773702516876598
ou_L240_z1.5_0.0_vr120_LS,-0.04341170132448849,-0.04765987955161159
ou_L240_z1.5_0.0_vr120_LF,-0.018229494806209962,-0.0024440239348956757
ou_L240_z1.5_0.0_hurst120_LS,-0.022145846829190664,-0.039491172814058464
ou_L240_z1.5_0.0_hurst120_LF,0.01077146223967285,0.008096832290152933
ou_L240_z1.5_0.0_adf120_LS,0.0234325590348117,0.003592429064035999
ou_L240_z1.5_0.0_adf120_LF,0.02519188911917991,0.040747103818929986
ou_L240_z1.5_0.0_hl120_LS,-0.03659703857951951,-0.04302661940573231
ou_L240_z1.5_0.0_hl120_LF,0.0023232365861667967,0.011773702516876598
ou_L240_z1.5_0.0_vr480_LS,-0.04350355057564648,-0.04010485128220336
ou_L240_z1.5_0.0_vr480_LF,0.005284272867685149,0.0024655447040648763
ou_L240_z1.5_0.0_hurst480_LS,-0.04009177393620011,-0.05863478893921953
ou_L240_z1.5_0.0_hurst480_LF,-0.002591549547010557,-0.008396076798548351
ou_L240_z1.5_0.0_adf480_LS,-0.03291262274514421,-0.039764385632791104
ou_L240_z1.5_0.0_adf480_LF,0.010922255814026388,0.011049678237751182
ou_L240_z1.5_0.0_hl480_LS,-0.03659703857951951,-0.04302661940573231
ou_L240_z1.5_0.0_hl480_LF,0.0023232365861667967,0.011773702516876598
ou_L240_z1.5_0.5_none_LS,-0.02139351673953836,-0.034762187396712683
ou_L240_z1.5_0.5_none_LF,0.016838362191541036,0.009938757077885933
ou_L240_z2.0_0.0_none_LS,-0.03765684284610739,-0.050985514827013766
ou_L240_z2.0_0.0_none_LF,-0.005011258009185328,-0.01272582288544532
ou_L240_z2.0_0.0_vr120_LS,-0.04052816224796689,-0.045536239619813214
ou_L240_z2.0_0.0_vr120_LF,-0.008933995648013565,-0.0033608252221915234
ou_L240_z2.0_0.0_hurst120_LS,-0.04201029249170075,-0.05767206701852819
ou_L240_z2.0_0.0_hurst120_LF,-0.015607903314845146,-0.02077510887461605
ou_L240_z2.0_0.0_adf120_LS,0.008477967038795024,-0.012869443295987933
ou_L240_z2.0_0.0_adf120_LF,0.0021604694947321527,0.006715157249735381
ou_L240_z2.0_0.0_hl120_LS,-0.03765684284610739,-0.050985514827013766
ou_L240_z2.0_0.0_hl120_LF,-0.005011258009185328,-0.01272582288544532
ou_L240_z2.0_0.0_vr480_LS,-0.029911007656037707,-0.03256102422157005
ou_L240_z2.0_0.0_vr480_LF,-0.0004699233147131257,-0.011509322933733022
ou_L240_z2.0_0.0_hurst480_LS,-0.040769349196158794,-0.0599522716372961
ou_L240_z2.0_0.0_hurst480_LF,-0.013076177455493327,-0.015077210770815901
ou_L240_z2.0_0.0_adf480_LS,-0.036198566980531754,-0.0482855367914009
ou_L240_z2.0_0.0_adf480_LF,0.000857349124007005,-0.009690003886383546
ou_L240_z2.0_0.0_hl480_LS,-0.03765684284610739,-0.050985514827013766
ou_L240_z2.0_0.0_hl480_LF,-0.005011258009185328,-0.01272582288544532
ou_L240_z2.0_0.5_none_LS,-0.03107705763156119,-0.045072372610686674
ou_L240_z2.0_0.5_none_LF,0.005529768167617919,-0.010682017977497647
ou_L240_z2.5_0.0_none_LS,-0.024046525249537692,-0.04881647003917069
ou_L240_z2.5_0.0_none_LF,0.03387348415640347,0.007355766496533512
ou_L240_z2.5_0.0_vr120_LS,-0.032071062486117595,-0.0597343150106961
ou_L240_z2.5_0.0_vr120_LF,0.028080807986527158,0.014120040592977038
ou_L240_z2.5_0.0_hurst120_LS,-0.024897776673443867,-0.06317842009435108
ou_L240_z2.5_0.0_hurst120_LF,0.04087602149048,0.007562770761809431
ou_L240_z2.5_0.0_adf120_LS,0.0012683005595017225,-0.04021748464302517
ou_L240_z2.5_0.0_adf120_LF,0.006300878750889696,0.00514352221566648
ou_L240_z2.5_0.0_hl120_LS,-0.03513789501542009,-0.055672124067319625
ou_L240_z2.5_0.0_hl120_LF,0.01748101775187691,-0.004122402216987121
ou_L240_z2.5_0.0_vr480_LS,-0.01737301442335359,-0.02078061678312442
ou_L240_z2.5_0.0_vr480_LF,0.024424030523943183,-0.0016163474760075816
ou_L240_z2.5_0.0_hurst480_LS,-0.03757416742080126,-0.06679521257670801
ou_L240_z2.5_0.0_hurst480_LF,0.015028519023996788,-0.0035122653222069713
ou_L240_z2.5_0.0_adf480_LS,-0.036318593164530864,-0.05051990654571647
ou_L240_z2.5_0.0_adf480_LF,0.01425262080071671,-0.006898831461706635
ou_L240_z2.5_0.0_hl480_LS,-0.024046525249537692,-0.04881647003917069
ou_L240_z2.5_0.0_hl480_LF,0.03387348415640347,0.007355766496533512
ou_L240_z2.5_0.5_none_LS,-0.032263448546665276,-0.046005287297106574
ou_L240_z2.5_0.5_none_LF,0.026897622806692265,-0.0023166902496354015
twap_z0.5_0.0_LS,-0.08551712574629956,-0.08226660798135423
twap_z0.5_0.0_LF,-0.0777215942804188,-0.07076666698538796
twap_z0.5_0.5_LS,-0.09528933829009224,-0.1126981004225965
twap_z0.5_0.5_LF,-0.0940906747732989,-0.09831204190111846
twap_z1.0_0.0_LS,-0.050380011118451,-0.0476269941810377
twap_z1.0_0.0_LF,-0.05041633171444616,-0.050820163970559266
twap_z1.0_0.5_LS,-0.0580650319352168,-0.06654480979937129
twap_z1.0_0.5_LF,-0.052970330369232224,-0.06303374543634717
twap_z1.5_0.0_LS,-0.0668172780586306,-0.07501817590396498
twap_z1.5_0.0_LF,-0.05957039934292757,-0.06732943602052906
twap_z1.5_0.5_LS,-0.06890984484845405,-0.08354567564337856
twap_z1.5_0.5_LF,-0.05606231771992182,-0.06836875010403765
twap_z2.0_0.0_LS,-0.004897559161963176,-0.016939058330697383
twap_z2.0_0.0_LF,-0.01049074865340624,-0.01939298199886441
twap_z2.0_0.5_LS,-0.01607618046293022,-0.029305364809447135
twap_z2.0_0.5_LF,-0.018846212106142842,-0.028445738362638442
garchsize_bh_LS,0.013521354326317857,0.03864649542134752
garchfilt_lowvol_bh_LS,-0.026002683984200543,0.01683890479677667
garchfilt_scaled_bh_LS,0.011968688344709459,0.03946761923808267
garchsize_ewmac128_LS,-0.0022477603374215557,0.0010169115285255355
garchfilt_lowvol_ewmac128_LS,0.02235507556469907,0.021845021292234566
garchfilt_scaled_ewmac128_LS,0.007769889453297061,0.013685116717240488
garchsize_ewmac128_LF,0.02423507355471316,0.03302333092895669
garchfilt_lowvol_ewmac128_LF,0.015603686637341498,0.0389484004039316
garchfilt_scaled_ewmac128_LF,0.03220512142765336,0.044551315745134074
garchsize_tsmomra10d_LS,-0.0016108623626096942,-0.0015316336314428365
garchfilt_lowvol_tsmomra10d_LS,0.023496219391015018,0.02071298616205319
garchfilt_scaled_tsmomra10d_LS,0.009863521902293686,0.012379285490114826
garchsize_tsmomra10d_LF,0.02563150824504332,0.03884183198309374
garchfilt_lowvol_tsmomra10d_LF,0.0032133895291416334,0.03148395385856192
garchfilt_scaled_tsmomra10d_LF,0.0340050431558459,0.04875979472304846
garchsize_ewmacmid_LS,-0.004511745047818906,0.005183802658892715
garchfilt_lowvol_ewmacmid_LS,0.019345197544192293,0.03733296877270463
garchfilt_scaled_ewmacmid_LS,0.0069042968780530746,0.023389566521881677
garchsize_ewmacmid_LF,0.018550427900003132,0.02956203369199576
garchfilt_lowvol_ewmacmid_LF,0.007666015750538322,0.04245444002054641
garchfilt_scaled_ewmacmid_LF,0.02846173454443091,0.044297529900720264
hmm2_rv_ersign_LS,0.014720466198986034,0.04140185258923945
hmm2_rv_ersign_LF,0.014720466198986034,0.04140185258923945
hmm2_rv_ewmac128_calmonly_LS,0.013926329077360303,0.01575582581782538
hmm2_rv_ewmac128_cuthigh_LS,0.013926329077360314,0.01575582581782539
hmm2_rv_ewmac128_fliphigh_LS,0.010893981474672592,0.01082723868904106
hmm2_rv_ewmac128_calmonly_LF,0.03127966630264486,0.041610230406503024
hmm2_rv_ewmac128_cuthigh_LF,0.031279666302644844,0.04161023040650301
hmm2_rv_ewmac128_fliphigh_LF,0.0022521456637368538,0.013231390203882443
hmm2_rv_tsmomra10d_calmonly_LS,0.015229935214011475,0.015239582333052866
hmm2_rv_tsmomra10d_cuthigh_LS,0.01522993521401148,0.015239582333052863
hmm2_rv_tsmomra10d_fliphigh_LS,-0.0033767504666321634,0.00040290371628421535
hmm2_rv_tsmomra10d_calmonly_LF,0.021630509782289677,0.03770808983917861
hmm2_rv_tsmomra10d_cuthigh_LF,0.021630509782289677,0.03770808983917861
hmm2_rv_tsmomra10d_fliphigh_LF,-0.023160823367598303,-0.005507002387696093
hmm2_rv_ewmacmid_calmonly_LS,0.015728959423278493,0.03443722382491304
hmm2_rv_ewmacmid_cuthigh_LS,0.015728959423278496,0.03443722382491302
hmm2_rv_ewmacmid_fliphigh_LS,0.006715861323600911,0.022818630103741334
hmm2_rv_ewmacmid_calmonly_LF,0.027102782786938524,0.04693553274171741
hmm2_rv_ewmacmid_cuthigh_LF,0.027102782786938524,0.04693553274171742
hmm2_rv_ewmacmid_fliphigh_LF,-0.0012869991656075624,0.01901750006226218
hmm2_r_ersign_LS,0.014720466198986034,0.04140185258923945
hmm2_r_ersign_LF,0.014720466198986034,0.04140185258923945
hmm2_r_ewmac128_calmonly_LS,0.006494859312776561,0.0128522289274143
hmm2_r_ewmac128_cuthigh_LS,0.006494859312776557,0.012852228927414297
hmm2_r_ewmac128_fliphigh_LS,0.007328616694930652,0.014388539730995556
hmm2_r_ewmac128_calmonly_LF,0.03302285807616417,0.04563721885606624
hmm2_r_ewmac128_cuthigh_LF,0.03302285807616417,0.04563721885606624
hmm2_r_ewmac128_fliphigh_LF,0.03481133547640608,0.04918141149638743
hmm2_r_tsmomra10d_calmonly_LS,0.00578239537949112,0.013406416977921377
hmm2_r_tsmomra10d_cuthigh_LS,0.005782395379491123,0.013406416977921377
hmm2_r_tsmomra10d_fliphigh_LS,0.003510644958132435,0.01432904695540865
hmm2_r_tsmomra10d_calmonly_LF,0.03388573702798032,0.0516269410745336
hmm2_r_tsmomra10d_cuthigh_LF,0.033885737027980325,0.0516269410745336
hmm2_r_tsmomra10d_fliphigh_LF,0.03277186867913538,0.05286832387778541
hmm2_r_ewmacmid_calmonly_LS,-0.0016946030238920108,0.01980423907065955
hmm2_r_ewmacmid_cuthigh_LS,-0.0016946030238920095,0.019804239070659542
hmm2_r_ewmacmid_fliphigh_LS,-0.004850446671061729,0.018922485229841208
hmm2_r_ewmacmid_calmonly_LF,0.025007511033767905,0.04503177208274884
hmm2_r_ewmacmid_cuthigh_LF,0.025007511033767908,0.04503177208274885
hmm2_r_ewmacmid_fliphigh_LF,0.024155597660826044,0.04671297881356815
hmm3_rv_ersign_LS,0.006784692850524247,0.03704507769159554
hmm3_rv_ersign_LF,0.010774991736645988,0.0393176080233036
hmm3_rv_ewmac128_calmonly_LS,0.011063433651585257,0.01015996503554467
hmm3_rv_ewmac128_cuthigh_LS,0.002408800900531391,0.008762188566469275
hmm3_rv_ewmac128_fliphigh_LS,-0.0017989408156289714,0.0029433613595834305
hmm3_rv_ewmac128_calmonly_LF,0.018837811299996003,0.03457723252840075
hmm3_rv_ewmac128_cuthigh_LF,0.03084532383738574,0.04505689306525588
hmm3_rv_ewmac128_fliphigh_LF,0.014375097544271687,0.03267845420915356
hmm3_rv_tsmomra10d_calmonly_LS,-0.0023733643117261863,0.010752182294213462
hmm3_rv_tsmomra10d_cuthigh_LS,0.008268602220018063,0.008805835741321046
hmm3_rv_tsmomra10d_fliphigh_LS,-0.0039046076705556948,-0.002397513444329154
hmm3_rv_tsmomra10d_calmonly_LF,0.00475807984832896,0.03962745694503502
hmm3_rv_tsmomra10d_cuthigh_LF,0.024382519552921204,0.04161015906832001
hmm3_rv_tsmomra10d_fliphigh_LF,-0.006766687879621445,0.018223495436147173
hmm3_rv_ewmacmid_calmonly_LS,-0.0016619004296268048,0.013351972223532228
hmm3_rv_ewmacmid_cuthigh_LS,-0.0016900493081706703,0.017611602605965726
hmm3_rv_ewmacmid_fliphigh_LS,-0.010325755752988188,0.007920152216321879
hmm3_rv_ewmacmid_calmonly_LF,0.01133513074246863,0.036824540763382325
hmm3_rv_ewmacmid_cuthigh_LF,0.020304619133933693,0.0412142087658356
hmm3_rv_ewmacmid_fliphigh_LF,0.0027074095128442007,0.029710870638169608
hmm3_r_ersign_LS,0.013211637954464155,0.03952870313282322
hmm3_r_ersign_LF,0.014706029634917767,0.041004493477076104
hmm3_r_ewmac128_calmonly_LS,0.0011206118417141045,0.013807301503143287
hmm3_r_ewmac128_cuthigh_LS,0.007210688805548293,0.013559128100225238
hmm3_r_ewmac128_fliphigh_LS,0.006828590674877542,0.013725212572209128
hmm3_r_ewmac128_calmonly_LF,0.021527384331593895,0.04546567187767027
hmm3_r_ewmac128_cuthigh_LF,0.03094133233799784,0.04370874528503116
hmm3_r_ewmac128_fliphigh_LF,0.032003111723912875,0.04435188859651942
hmm3_r_tsmomra10d_calmonly_LS,0.006965731396339327,0.015890664434919217
hmm3_r_tsmomra10d_cuthigh_LS,0.010138713274132119,0.014892401223838779
hmm3_r_tsmomra10d_fliphigh_LS,0.012468486055403809,0.01796100993407695
hmm3_r_tsmomra10d_calmonly_LF,0.029732692271375632,0.05559032802083459
hmm3_r_tsmomra10d_cuthigh_LF,0.03540403048469028,0.050390371584851656
hmm3_r_tsmomra10d_fliphigh_LF,0.036208710045867995,0.051255994026850854
hmm3_r_ewmacmid_calmonly_LS,-0.0015570493770932093,0.02287306450960862
hmm3_r_ewmacmid_cuthigh_LS,0.004157740539280381,0.021815419325995587
hmm3_r_ewmacmid_fliphigh_LS,0.0019870431272372632,0.021451191329266317
hmm3_r_ewmacmid_calmonly_LF,0.024081938389160947,0.04989843435108727
hmm3_r_ewmacmid_cuthigh_LF,0.026286033925251272,0.04240946069385102
hmm3_r_ewmacmid_fliphigh_LF,0.027143988533463986,0.04419617290426544
ms2_ersign_LS,-0.040850713391141505,0.0020858739628973224
ms2_ewmac128_cuthigh_LS,-0.006283317873453155,0.000336636573163195
ms2_ewmac128_fliphigh_LS,-0.020304136398677963,-0.01904941145358903
ms2_ewmac128_cuthigh_LF,0.015236431825246387,0.03639512348368101
ms2_ewmac128_fliphigh_LF,-0.022850901715037418,0.0030787556374892917
ms2_tsmomra10d_cuthigh_LS,0.0008679498669089398,0.006326092169544084
ms2_tsmomra10d_fliphigh_LS,-0.02510448430483311,-0.017170251496913393
ms2_tsmomra10d_cuthigh_LF,0.020963702991715932,0.043958715659860224
ms2_tsmomra10d_fliphigh_LF,-0.02784451972893946,-0.0009120314509101522
ms2_ewmacmid_cuthigh_LS,-0.017031004554791535,0.005810108978040568
ms2_ewmacmid_fliphigh_LS,-0.053521431369378786,-0.027871376952440276
ms2_ewmacmid_cuthigh_LF,0.0016937601357409806,0.03148239886703067
ms2_ewmacmid_fliphigh_LF,-0.05366582829077026,-0.007393113995722857
ms2_bh_cuthigh,-0.003934750896512694,0.03651153401435807
season_asia_long,-0.031149309134950835,-0.015361953170798992
season_asia_long_ny18only,-0.19229548663205986,-0.19218972428107023
twapmom_z0.5_LS,-0.028789773067412205,-0.032433306064063396
twapmom_z0.5_LF,-0.05138595574569525,-0.0453680663482395
twapmom_z1.0_LS,-0.0015212681445750753,-0.004714844680043223
twapmom_z1.0_LF,-0.023397697903257873,-0.027994139624104436
twapmom_z1.5_LS,0.03687267871030808,0.0495602332216952
twapmom_z1.5_LF,0.007653267188532624,0.016487013680732146
combo_all7_erc,0.0621714240502,0.06683871719278009
combo_trend5_erc,0.03547308928075201,0.04998012275769707
combo_all7_ivar,0.0668421799649214,0.06529922904509193
combo_trend5_ivar,0.03556946594222517,0.050120085807221534
combo_all7_ivol,0.0508004916454639,0.060098721008714474
combo_trend5_ivol,0.035503389852580565,0.050024587641756726
combo_all7_eq,0.04019112352026765,0.05337762087495592
combo_trend5_eq,0.035422538180637404,0.049912860887483146
combo_trend3+intraday_erc,0.052290617266746164,0.07054099477957294
combo_bh+trendLS+intraday_erc,0.03598886774933073,0.05725902180500714
combo_bh+trendLS_erc,0.015010914011979381,0.03108681776220028
combo_bh+trendLF+intraday_erc,0.04917180116656604,0.0733121654362173
tsmom_ra_10d_LF_daily16,0.024897015637938922,0.04177822621025771
ewmac_128_512_LF_daily16,0.03228019666820866,0.03813320418280976
kf_slope_ql1.0_qs1e-05_LF_daily16,0.013533181406420758,0.027772591080673585
