setup,period,days,green_days,mean_day_R,total_R,worst_day_R,best_day_R,maxDD_R,green_weeks
TP=1.0xSL,IS,503,44.7,0.165,83.0,-3.0,4.0,-18.0,51.3
TP=1.0xSL,VAL,292,45.9,0.158,46.0,-3.0,3.0,-14.0,51.3
TP=1.0xSL,HOLDOUT,275,44.4,0.116,32.0,-3.0,4.0,-12.0,46.2
TP=1.0xSL lock+2/-3R,IS,503,44.7,0.123,62.0,-3.0,2.0,-18.0,49.3
TP=1.0xSL lock+2/-3R,VAL,292,46.6,0.171,50.0,-3.0,2.0,-12.0,55.1
TP=1.0xSL lock+2/-3R,HOLDOUT,275,44.4,0.109,30.0,-3.0,2.0,-12.0,46.2
TP=1.0xSL lock+1/-2R,IS,503,55.3,0.066,33.0,-2.0,1.0,-16.0,47.4
TP=1.0xSL lock+1/-2R,VAL,292,58.2,0.123,36.0,-2.0,1.0,-9.0,52.6
TP=1.0xSL lock+1/-2R,HOLDOUT,275,54.9,0.091,25.0,-2.0,1.0,-16.0,50.0
TP=1.0xSL lock+3/-3R,IS,503,44.7,0.143,72.0,-3.0,3.0,-18.0,49.3
TP=1.0xSL lock+3/-3R,VAL,292,45.9,0.151,44.0,-3.0,3.0,-14.0,51.3
TP=1.0xSL lock+3/-3R,HOLDOUT,275,44.4,0.116,32.0,-3.0,3.0,-12.0,46.2
TP=0.8xSL,IS,564,50.5,0.077,43.4,-4.0,3.2,-24.0,58.6
TP=0.8xSL,VAL,299,43.8,-0.094,-28.2,-3.2,4.8,-32.6,50.0
TP=0.8xSL,HOLDOUT,302,49.0,0.095,28.6,-4.0,3.2,-14.4,52.6
TP=0.8xSL lock+2/-3R,IS,564,50.5,0.087,49.0,-3.4,2.4,-23.8,58.6
TP=0.8xSL lock+2/-3R,VAL,299,43.8,-0.085,-25.4,-3.0,2.4,-32.2,50.0
TP=0.8xSL lock+2/-3R,HOLDOUT,302,49.0,0.093,28.0,-3.0,2.4,-14.4,53.8
TP=0.8xSL lock+1/-2R,IS,564,51.4,0.087,49.2,-2.4,1.6,-28.4,60.5
TP=0.8xSL lock+1/-2R,VAL,299,44.5,-0.102,-30.4,-2.2,1.6,-36.8,42.3
TP=0.8xSL lock+1/-2R,HOLDOUT,302,49.0,0.077,23.2,-2.2,1.6,-11.4,51.3
TP=0.8xSL lock+3/-3R,IS,564,50.5,0.08,45.0,-3.4,3.2,-24.0,58.6
TP=0.8xSL lock+3/-3R,VAL,299,43.8,-0.101,-30.2,-3.0,3.2,-34.8,48.7
TP=0.8xSL lock+3/-3R,HOLDOUT,302,49.0,0.095,28.8,-3.0,3.2,-14.4,53.8
TP=0.6xSL,IS,607,52.7,0.019,11.4,-4.0,3.6,-29.0,51.0
TP=0.6xSL,VAL,316,51.9,0.006,2.0,-3.4,4.2,-25.8,52.6
TP=0.6xSL,HOLDOUT,329,56.5,0.087,28.6,-4.0,3.2,-11.8,51.9
TP=0.6xSL lock+2/-3R,IS,607,52.7,0.012,7.0,-3.4,2.4,-30.4,50.3
TP=0.6xSL lock+2/-3R,VAL,316,51.9,-0.019,-6.0,-3.4,2.4,-26.8,50.0
TP=0.6xSL lock+2/-3R,HOLDOUT,329,56.5,0.084,27.8,-3.0,2.4,-11.8,53.2
TP=0.6xSL lock+1/-2R,IS,607,55.4,0.015,9.0,-2.8,1.4,-31.2,47.7
TP=0.6xSL lock+1/-2R,VAL,316,54.7,0.005,1.6,-2.4,1.4,-26.2,51.3
TP=0.6xSL lock+1/-2R,HOLDOUT,329,58.1,0.065,21.4,-2.4,1.4,-15.2,51.9
TP=0.6xSL lock+3/-3R,IS,607,52.7,0.016,9.8,-3.4,3.0,-29.2,50.3
TP=0.6xSL lock+3/-3R,VAL,316,51.9,-0.001,-0.2,-3.4,3.0,-25.8,50.0
TP=0.6xSL lock+3/-3R,HOLDOUT,329,56.5,0.089,29.2,-3.0,3.0,-11.8,51.9
TP=0.5xSL,IS,654,45.1,0.011,7.0,-4.0,4.0,-39.0,44.6
TP=0.5xSL,VAL,340,39.1,-0.149,-50.5,-4.0,4.5,-53.5,32.9
TP=0.5xSL,HOLDOUT,355,52.4,0.104,37.0,-3.0,3.5,-10.5,54.4
TP=0.5xSL lock+2/-3R,IS,654,45.6,0.019,12.5,-3.5,2.0,-37.5,46.5
TP=0.5xSL lock+2/-3R,VAL,340,39.4,-0.149,-50.5,-3.0,2.0,-54.0,35.4
TP=0.5xSL lock+2/-3R,HOLDOUT,355,52.7,0.114,40.5,-3.0,2.0,-10.5,54.4
TP=0.5xSL lock+1/-2R,IS,654,54.7,0.015,9.5,-2.5,1.0,-26.5,47.1
TP=0.5xSL lock+1/-2R,VAL,340,47.9,-0.128,-43.5,-2.5,1.0,-46.5,32.9
TP=0.5xSL lock+1/-2R,HOLDOUT,355,58.6,0.124,44.0,-2.5,1.0,-10.0,53.2
TP=0.5xSL lock+3/-3R,IS,654,45.1,0.01,6.5,-3.5,3.0,-39.0,45.2
TP=0.5xSL lock+3/-3R,VAL,340,39.1,-0.15,-51.0,-3.0,3.0,-54.0,32.9
TP=0.5xSL lock+3/-3R,HOLDOUT,355,52.4,0.101,36.0,-3.0,3.0,-10.5,54.4
