rank,dist,tp_to_sl,IS_n,IS_wr,IS_R/trade,IS_days>=60,VAL_n,VAL_wr,VAL_R/trade,VAL_days>=60,HOLDOUT_n,HOLDOUT_wr,HOLDOUT_R/trade,HOLDOUT_days>=60
1,3xATR_H1,1.0,953,54.4,0.087,45.0,568,54.0,0.081,46.0,464,53.4,0.069,44.0
1,3xATR_H1,0.9,1067,54.5,0.036,45.0,565,53.5,0.016,47.0,506,55.3,0.051,47.0
1,3xATR_H1,0.8,1249,57.5,0.035,50.0,651,53.1,-0.043,44.0,578,58.3,0.049,49.0
1,3xATR_H1,0.7,1399,59.3,0.007,51.0,770,56.6,-0.037,49.0,671,57.4,-0.025,49.0
1,3xATR_H1,0.6,1571,63.0,0.007,54.0,862,62.6,0.002,55.0,765,64.8,0.037,58.0
1,3xATR_H1,0.5,1964,66.9,0.004,61.0,1057,63.5,-0.048,57.0,920,69.3,0.04,64.0
2,3xATR_H1,1.0,944,54.1,0.083,45.0,555,51.5,0.031,44.0,467,52.9,0.058,46.0
2,3xATR_H1,0.9,1059,54.4,0.033,43.0,562,51.4,-0.023,44.0,534,56.7,0.078,47.0
2,3xATR_H1,0.8,1208,56.3,0.013,47.0,633,53.4,-0.039,47.0,575,59.5,0.071,52.0
2,3xATR_H1,0.7,1373,60.0,0.02,51.0,754,56.5,-0.04,48.0,692,61.4,0.044,53.0
2,3xATR_H1,0.6,1614,63.3,0.013,57.0,870,61.5,-0.016,54.0,750,66.3,0.06,60.0
2,3xATR_H1,0.5,1848,67.2,0.007,59.0,1052,65.9,-0.012,59.0,905,69.6,0.044,65.0
3,1.5xATR_H4,1.0,1080,54.1,0.081,45.0,580,51.2,0.024,42.0,533,50.5,0.009,41.0
3,1.5xATR_H4,0.9,1183,56.3,0.07,48.0,609,51.7,-0.017,39.0,561,54.7,0.04,45.0
3,1.5xATR_H4,0.8,1332,60.0,0.08,53.0,683,56.4,0.015,46.0,657,55.7,0.003,46.0
3,1.5xATR_H4,0.7,1560,61.3,0.042,54.0,779,58.7,-0.003,46.0,740,58.8,-0.001,50.0
3,1.5xATR_H4,0.6,1812,64.8,0.037,57.0,935,62.2,-0.004,52.0,852,62.3,-0.003,53.0
3,1.5xATR_H4,0.5,2068,68.5,0.027,61.0,1077,67.0,0.006,57.0,1014,66.6,-0.001,58.0
4,3xATR_H1,1.0,956,54.1,0.082,45.0,538,51.1,0.022,42.0,461,49.9,-0.002,39.0
4,3xATR_H1,0.9,1060,54.2,0.031,45.0,610,51.5,-0.022,43.0,541,54.7,0.04,47.0
4,3xATR_H1,0.8,1189,57.3,0.031,51.0,658,53.0,-0.045,44.0,582,55.5,-0.001,45.0
4,3xATR_H1,0.7,1397,58.8,0.0,49.0,753,58.7,-0.002,50.0,657,59.1,0.004,48.0
4,3xATR_H1,0.6,1574,63.3,0.012,55.0,871,60.8,-0.026,53.0,791,63.7,0.019,58.0
4,3xATR_H1,0.5,1935,66.1,-0.009,59.0,1061,66.4,-0.003,60.0,938,67.9,0.019,62.0
5,3xATR_H1,1.0,945,54.1,0.081,45.0,555,50.8,0.016,42.0,469,53.1,0.062,46.0
5,3xATR_H1,0.9,1046,53.9,0.024,44.0,567,51.3,-0.025,43.0,516,56.6,0.075,49.0
5,3xATR_H1,0.8,1214,56.2,0.011,48.0,653,52.7,-0.052,47.0,602,59.8,0.076,53.0
5,3xATR_H1,0.7,1374,60.5,0.028,53.0,765,56.9,-0.033,49.0,711,60.8,0.033,53.0
5,3xATR_H1,0.6,1626,63.2,0.012,57.0,888,62.0,-0.007,55.0,763,66.7,0.067,61.0
5,3xATR_H1,0.5,1876,67.0,0.005,60.0,1062,66.5,-0.003,59.0,911,69.3,0.039,66.0
6,5xATR_M15,1.0,856,54.2,0.084,44.0,469,50.7,0.015,44.0,529,49.5,-0.009,39.0
6,5xATR_M15,0.9,918,54.5,0.035,46.0,473,51.6,-0.02,43.0,600,52.3,-0.006,42.0
6,5xATR_M15,0.8,1105,55.9,0.007,48.0,555,52.8,-0.05,42.0,706,54.0,-0.029,46.0
6,5xATR_M15,0.7,1286,60.0,0.021,53.0,660,58.0,-0.013,49.0,805,60.0,0.02,52.0
6,5xATR_M15,0.6,1575,61.7,-0.013,53.0,788,64.2,0.027,60.0,912,63.4,0.014,55.0
6,5xATR_M15,0.5,1895,65.5,-0.017,59.0,952,66.0,-0.011,62.0,1177,67.2,0.008,62.0
7,5xATR_M15,1.0,856,54.2,0.084,44.0,469,50.7,0.015,43.0,529,49.5,-0.009,39.0
7,5xATR_M15,0.9,927,54.6,0.037,46.0,474,51.7,-0.018,43.0,605,52.6,-0.001,42.0
7,5xATR_M15,0.8,1099,56.4,0.015,48.0,556,52.9,-0.048,43.0,703,54.1,-0.027,46.0
7,5xATR_M15,0.7,1288,60.3,0.026,54.0,660,58.0,-0.013,49.0,807,60.2,0.024,53.0
7,5xATR_M15,0.6,1573,62.0,-0.008,54.0,788,64.3,0.029,60.0,914,63.5,0.015,56.0
7,5xATR_M15,0.5,1898,65.6,-0.015,59.0,962,66.0,-0.01,61.0,1171,67.0,0.004,62.0
8,3xATR_H1,1.0,966,54.1,0.083,44.0,539,50.6,0.013,41.0,459,51.9,0.037,41.0
8,3xATR_H1,0.9,1059,56.2,0.068,47.0,583,52.1,-0.009,42.0,509,52.3,-0.007,45.0
8,3xATR_H1,0.8,1198,59.1,0.064,51.0,644,55.0,-0.011,45.0,588,57.5,0.035,46.0
8,3xATR_H1,0.7,1360,61.9,0.053,54.0,747,58.6,-0.003,50.0,658,60.0,0.021,50.0
8,3xATR_H1,0.6,1643,64.9,0.038,57.0,881,61.2,-0.021,51.0,784,64.8,0.037,54.0
8,3xATR_H1,0.5,2004,67.7,0.015,62.0,1066,65.1,-0.023,58.0,948,68.7,0.03,62.0
9,1.5xATR_H4,1.0,1073,54.1,0.081,48.0,559,50.6,0.013,42.0,531,51.6,0.032,45.0
9,1.5xATR_H4,0.9,1162,56.3,0.069,47.0,610,51.6,-0.019,43.0,565,54.2,0.029,47.0
9,1.5xATR_H4,0.8,1353,57.4,0.034,49.0,669,55.8,0.004,45.0,660,59.7,0.075,52.0
9,1.5xATR_H4,0.7,1507,59.5,0.011,51.0,769,55.8,-0.052,46.0,738,61.7,0.048,55.0
9,1.5xATR_H4,0.6,1743,63.1,0.009,53.0,914,59.5,-0.048,50.0,867,62.6,0.002,57.0
9,1.5xATR_H4,0.5,2046,67.6,0.014,61.0,1079,65.1,-0.024,56.0,1021,68.6,0.028,66.0
10,3xATR_H1,1.0,921,54.1,0.081,46.0,517,50.3,0.006,44.0,471,53.1,0.062,44.0
10,3xATR_H1,0.9,1065,54.5,0.035,44.0,557,54.0,0.027,44.0,532,54.3,0.032,44.0
10,3xATR_H1,0.8,1202,57.3,0.032,47.0,631,54.5,-0.019,46.0,541,57.9,0.041,49.0
10,3xATR_H1,0.7,1350,58.8,-0.0,50.0,713,58.1,-0.013,48.0,669,60.2,0.024,53.0
10,3xATR_H1,0.6,1587,63.0,0.008,55.0,803,60.4,-0.034,50.0,713,65.9,0.055,62.0
10,3xATR_H1,0.5,1849,66.7,0.001,59.0,1017,63.8,-0.043,55.0,885,67.7,0.015,64.0
