gen,best_IS,best_VAL,top10_IS,top10_VAL,nIS,nVAL
0,0.5152596115735236,0.45179584120982985,0.5114254884690498,0.48279901109677886,2523,1058
1,0.5152596115735236,0.45179584120982985,0.5125609037495485,0.47649696975458433,2523,1058
2,0.5227808326787117,0.48377862595419846,0.5161169950570359,0.47240205720310613,2546,1048
3,0.5227808326787117,0.48377862595419846,0.5182275377065532,0.46666065802682344,2546,1048
4,0.5227808326787117,0.48377862595419846,0.5196076346969307,0.4834588297196933,2546,1048
5,0.5227808326787117,0.48377862595419846,0.5210158193760787,0.4896410676550992,2546,1048
6,0.5227808326787117,0.48377862595419846,0.5221736091026821,0.48569964934558935,2546,1048
7,0.5227808326787117,0.48377862595419846,0.5224772208906969,0.48473913764989385,2546,1048
8,0.5227808326787117,0.48377862595419846,0.5227808326787117,0.48377862595419846,2546,1048
9,0.5227808326787117,0.48377862595419846,0.5227808326787117,0.48377862595419846,2546,1048
10,0.5254638768258981,0.4634615384615385,0.5230491370934303,0.4817469172049325,2533,1040
11,0.5254638768258981,0.4634615384615385,0.5230491370934303,0.4817469172049325,2533,1040
12,0.5254638768258981,0.4634615384615385,0.5230491370934303,0.4817469172049325,2533,1040
13,0.5254638768258981,0.4634615384615385,0.523317441508149,0.4797152084556665,2533,1040
14,0.5254638768258981,0.4634615384615385,0.5235683045398659,0.47561834868221214,2533,1040
15,0.5300589390962672,0.4937076476282672,0.52456441959634,0.4745795421003531,2545,1033
16,0.5300589390962672,0.4937076476282672,0.5266261536499737,0.4729753175358057,2545,1033
17,0.5313479623824452,0.4609450337512054,0.5282110445704998,0.477843840232682,2552,1037
18,0.5313479623824452,0.4609450337512054,0.5304456460821205,0.48387886346514863,2552,1037
19,0.5313479623824452,0.4609450337512054,0.5305745484107384,0.4806026020774425,2552,1037
20,0.5313479623824452,0.4609450337512054,0.5308262463220552,0.4740500793020301,2552,1037
21,0.5313479623824452,0.4609450337512054,0.5313296421446893,0.4609450337512054,2552,1037
22,0.5313479623824452,0.4609450337512054,0.5313418556365266,0.4609450337512054,2552,1037
23,0.5313479623824452,0.4609450337512054,0.5313479623824452,0.4609450337512054,2552,1037
24,0.5313479623824452,0.4609450337512054,0.5313479623824452,0.4609450337512054,2552,1037
25,0.5313479623824452,0.4609450337512054,0.5313479623824452,0.4609450337512054,2552,1037
26,0.5313479623824452,0.4609450337512054,0.5313479623824452,0.4609450337512054,2552,1037
27,0.5313479623824452,0.4609450337512054,0.5313479623824452,0.4609450337512054,2552,1037
28,0.5313479623824452,0.4609450337512054,0.5313479623824452,0.4609450337512054,2552,1037
29,0.5313479623824452,0.4609450337512054,0.5313479623824452,0.4609450337512054,2552,1037
30,0.5313479623824452,0.4609450337512054,0.5313479623824452,0.4609450337512054,2552,1037
31,0.5313479623824452,0.4609450337512054,0.5313479623824452,0.4609450337512054,2552,1037
32,0.531384015594542,0.4698564593301435,0.5313551730248646,0.4627273188669929,2565,1045
33,0.5317491234904558,0.4574162679425837,0.531402499778085,0.46415672740191843,2567,1045
34,0.5322073841319718,0.46190935390549664,0.5315393740274676,0.4665737105101669,2546,1037
35,0.5322073841319718,0.46190935390549664,0.5315393740274676,0.4665737105101669,2546,1037
36,0.5322073841319718,0.46190935390549664,0.5315393740274676,0.4665737105101669,2546,1037
37,0.5380710659898477,0.46917148362235067,0.5324092635640756,0.46367177271570226,2561,1038
38,0.5380710659898477,0.46917148362235067,0.532610448061153,0.4608383324920169,2561,1038
39,0.5380710659898477,0.46917148362235067,0.5326120063003427,0.4619153191830387,2561,1038
40,0.5380710659898477,0.46917148362235067,0.5327036584286458,0.4628139363756213,2561,1038
41,0.5380710659898477,0.46917148362235067,0.5327937523177594,0.46263556687718205,2561,1038
42,0.5380710659898477,0.46917148362235067,0.5339664886893345,0.46408799282055285,2561,1038
43,0.5380710659898477,0.46917148362235067,0.5345528568751222,0.46481420579223826,2561,1038
44,0.5380710659898477,0.46917148362235067,0.5368983296182726,0.46771905767897987,2561,1038
45,0.5380710659898477,0.46917148362235067,0.5380710659898477,0.46917148362235067,2561,1038
46,0.5380710659898477,0.46917148362235067,0.5380710659898477,0.46917148362235067,2561,1038
47,0.5380710659898477,0.46917148362235067,0.5380710659898477,0.46917148362235067,2561,1038
48,0.5380710659898477,0.46917148362235067,0.5380710659898477,0.46917148362235067,2561,1038
49,0.5380710659898477,0.46917148362235067,0.5380710659898477,0.46917148362235067,2561,1038
50,0.5380710659898477,0.46917148362235067,0.5380710659898477,0.46917148362235067,2561,1038
51,0.5380710659898477,0.46917148362235067,0.5380710659898477,0.46917148362235067,2561,1038
52,0.5398749022673964,0.4698564593301435,0.5384318332453575,0.46930847876390913,2558,1045
53,0.5398749022673964,0.4698564593301435,0.5387926005008672,0.46944547390546776,2558,1045
54,0.5398749022673964,0.4698564593301435,0.5393337513841319,0.46965096661780564,2558,1045
55,0.5398749022673964,0.4698564593301435,0.5396945186396416,0.4697879617593642,2558,1045
56,0.5398749022673964,0.4698564593301435,0.5398749022673963,0.4698564593301436,2558,1045
57,0.5398749022673964,0.4698564593301435,0.5398749022673963,0.4698564593301436,2558,1045
58,0.5398749022673964,0.4698564593301435,0.5398749022673963,0.4698564593301436,2558,1045
59,0.5398749022673964,0.4698564593301435,0.5398749022673963,0.4698564593301436,2558,1045
60,0.5398749022673964,0.4698564593301435,0.5398749022673963,0.4698564593301436,2558,1045
61,0.5398749022673964,0.4698564593301435,0.5398749022673963,0.4698564593301436,2558,1045
62,0.5398749022673964,0.4698564593301435,0.5398749022673963,0.4698564593301436,2558,1045
63,0.5398749022673964,0.4698564593301435,0.5398749022673963,0.4698564593301436,2558,1045
64,0.5398749022673964,0.4698564593301435,0.5398749022673963,0.4698564593301436,2558,1045
65,0.5398749022673964,0.4698564593301435,0.5398749022673963,0.4698564593301436,2558,1045
66,0.5398749022673964,0.4698564593301435,0.5398749022673963,0.4698564593301436,2558,1045
67,0.5398749022673964,0.4698564593301435,0.5398749022673963,0.4698564593301436,2558,1045
68,0.5398749022673964,0.4698564593301435,0.5398749022673963,0.4698564593301436,2558,1045
69,0.5398749022673964,0.4698564593301435,0.5398749022673963,0.4698564593301436,2558,1045
70,0.5398749022673964,0.4698564593301435,0.5398749022673963,0.4698564593301436,2558,1045
71,0.5398749022673964,0.4698564593301435,0.5398749022673963,0.4698564593301436,2558,1045
72,0.5398749022673964,0.4698564593301435,0.5398749022673963,0.4698564593301436,2558,1045
73,0.5398749022673964,0.4698564593301435,0.5398749022673963,0.4698564593301436,2558,1045
74,0.5398749022673964,0.4698564593301435,0.5398749022673963,0.4698564593301436,2558,1045
75,0.5398749022673964,0.4698564593301435,0.5398749022673963,0.4698564593301436,2558,1045
76,0.5398749022673964,0.4698564593301435,0.5398749022673963,0.4698564593301436,2558,1045
77,0.5398749022673964,0.4698564593301435,0.5398749022673963,0.4698564593301436,2558,1045
78,0.5398749022673964,0.4698564593301435,0.5398749022673963,0.4698564593301436,2558,1045
79,0.5398749022673964,0.4698564593301435,0.5398749022673963,0.4698564593301436,2558,1045
